0.143402,19.4135,2.14366,1
0.117579,29.5806,2.08598,1
0.17364,58.2599,2.06765,1
0.229818,43.7461,2.10082,1
0.114965,32.1985,2.01321,1
0.136159,31.432,2.03281,1
0.225096,27.7746,2.15299,1
0.124607,40.0963,2.05546,1
0.149013,40.9605,2.08342,1
0.137772,37.3186,2.06407,1
0.141086,36.2648,2.02795,1
0.138657,31.3005,2.03156,1
0.14273,40.6559,2.04586,1
0.329385,18.7726,2.0505,1
0.158719,34.9524,2.05555,1
0.184668,16.9112,2.04784,1
0.177428,26.8072,2.02961,1
0.157224,31.3278,2.04339,1
0.102408,30.4457,2.16873,1
0.116616,37.2199,2.0288,1
0.246194,45.312,2.08292,1
0.115192,35.5069,2.04026,1
0.156525,28.4669,2.08734,1
0.221704,33.8651,2.03655,1
0.141374,36.6234,2.03359,1
0.157376,13.038,2.00336,1
0.163687,25.2837,2.14844,1
0.162536,42.0027,2.14167,1
0.110199,30.1489,2.11018,1
0.1269,32.1197,2.1361,1
0.159595,16.2968,2.15048,1
0.159088,19.7429,2.06342,1
0.317351,24.5297,2.08406,1
0.186024,32.4365,2.08236,1
0.142504,28.0053,2.06259,1
0.136991,36.3039,2.04909,1
0.186033,21.4775,2.02633,1
0.124071,23.7255,2.03862,1
0.218836,28.4127,2.14045,1
0.146021,33.3629,2.06183,1
0.163337,26.4146,2.0321,1
0.110344,40.3727,2.0096,1
0.140728,34.8339,2.15251,1
0.112255,22.5324,2.0096,1
0.229723,19.4798,2.03731,1
0.166468,33.5192,2.06017,1
0.253989,15.2314,2.11061,1
0.200499,23.3893,2.09,1
0.11375,37.2261,2.05239,1
0.128162,34.6575,2.0196,1
0.126336,15.6744,2.15139,1
0.174016,30.1576,2.02674,1
0.160375,8.625,2.12383,1
0.122712,34.9575,2.14082,1
0.137912,26.8382,2.03478,1
0.163876,14.005,2.1548,1
0.217686,21.9823,2.08347,1
0.138842,23.4536,2.15514,1
0.148899,33.9868,2.08904,1
0.181109,24.284,2.089,1
0.14192,16.848,2.07235,1
0.174002,20.9112,2.0554,1
0.172467,26.1492,2.11319,1
0.185083,22.8848,2.0305,1
0.156165,14.943,2.05888,1
0.294536,19.5434,2.08868,1
0.173545,17.6272,2.03199,1
0.231892,32.0054,2.03031,1
0.165458,17.1905,2.03978,1
0.134353,30.7025,2.0505,1
0.134502,10.5011,2.14673,1
0.145383,26.723,2.04853,1
0.120427,41.3478,2.07493,1
0.12737,34.9598,2.02752,1
0.154473,17.3078,2.04061,1
0.246228,19.2046,2.04791,1
0.226262,25.5727,2.15596,1
0.144764,9.50115,2.00901,1
0.257752,19.7031,2.08828,1
0.120818,32.4535,2.0321,1
0.153917,32.4189,2.04265,1
0.216373,24.6029,2.14219,1
0.136147,20.8765,2.1197,1
0.171908,19.1833,2.0349,1
0.227026,17.1014,2.03399,1
0.223155,19.0311,2.151,1
0.134634,22.1483,2.17261,1
0.203449,28.3052,2.14302,1
0.106699,36.0546,2.03077,1
0.240633,33.4905,2.02739,1
0.11933,25.9158,2.14482,1
0.16334,29.1859,2.16669,1
0.162471,24.2887,2.04365,1
0.294411,22.871,2.10621,1
0.165725,46.4328,2.13773,1
0.147067,18.9492,2.02989,1
0.360223,24.7025,2.08057,1
0.224167,31.3636,2.02614,1
0.130806,27.3797,2.14218,1
0.192863,20.8106,2.05836,1
0.135704,34.4133,2.03707,1
0.108789,23.7404,2.146,1
0.11192,22.8379,2.04148,1
0.214921,28.6363,2.03658,1
0.132261,32.3213,2.1137,1
0.199008,25.9883,2.13301,1
0.150556,25.1903,2.14299,1
0.139036,20.4692,2.06397,1
0.197957,7.94567,2.08504,1
0.233507,15.4942,2.09155,1
0.280592,23.259,2.06488,1
0.118642,27.2308,2.14861,1
0.166353,27.7209,2.03294,1
0.330914,13.7842,2.08872,1
0.117548,32.5036,2.04615,1
0.181361,25.4281,2.02874,1
0.187012,31.7054,2.1337,1
0.178056,34.7385,2.05069,1
0.430542,16.3533,2.13769,1
0.192256,27.0822,2.09309,1
0.190923,25.4218,2.0363,1
0.234758,10.911,2.04554,1
0.143967,15.0637,2.03329,1
0.304996,17.4804,2.03399,1
0.14515,9.74518,2.14142,1
0.212906,25.0118,2.01365,1
0.21818,23.8106,2.05724,1
0.171307,21.9731,2.1629,1
0.176587,15.5601,2.05555,1
0.177836,20.2559,2.04943,1
0.200592,17.5288,2.0852,1
0.149858,32.1288,2.12865,1
0.167232,28.0435,2.01744,1
0.259633,15.5144,2.09114,1
0.12969,23.3631,2.13489,1
0.26736,30.4443,2.04229,1
0.125361,27.2658,2.0906,1
0.190802,27.2444,2.03235,1
0.170254,23.3631,2.03933,1
0.127665,18.9287,2.13482,1
0.159712,42.631,2.06342,1
0.269226,27.2024,2.03794,1
0.161935,24.9526,2.00424,1
0.16387,24.7102,2.15942,1
0.187872,31.9139,2.15713,1
0.236735,20.3809,2.14287,1
0.177839,37.1806,2.04586,1
0.181901,37.6877,2.03621,1
0.258377,27.9378,2.06215,1
0.142812,27.6282,2.16135,1
0.200428,21.6073,2.02538,1
0.274833,28.2334,2.03655,1
0.149431,21.9508,2.06431,1
0.305681,15.1029,2.13547,1
0.291883,16.9214,2.04474,1
0.209612,25.5708,2.08025,1
0.137129,14.1729,2.07938,1
0.173101,18.5434,2.05937,1
0.103263,29.8735,2.03301,1
0.228357,30.7608,2.01983,1
0.154588,25.45,2.04296,1
0.1845,16.4171,2.04474,1
0.144002,25.913,2.11413,1
0.362054,25.6743,2.07037,1
0.302847,25.3372,2.11061,1
0.340518,22.9561,2.10576,1
0.215547,24.3859,2.07964,1
0.2055,15.0627,2.03507,1
0.224687,31.838,2.07519,1
0.182314,26.0143,2.14223,1
0.115043,23.6992,2.15262,1
0.289803,19.945,2.15721,1
0.420042,20.2723,2.09845,1
0.11227,20.7614,2.08057,1
0.233332,25.9947,2.06021,1
0.157134,15.5915,2.08855,1
0.123727,30.2258,2.03277,1
0.171048,26.7072,2.03717,1
0.207681,6.04329,2.10871,1
0.193675,13.2867,2.03199,1
0.140084,31.1451,2.04167,1
0.219756,19.2755,2.0962,1
0.319195,19.2916,2.06375,1
0.132324,14.6405,2.1364,1
0.29028,23.3231,2.04454,1
0.258184,18.5689,2.14242,1
0.304201,18.653,2.09317,1
0.273829,30.5953,2.0363,1
0.22076,21.4131,2.02462,1
0.212175,26.6538,2.09783,1
0.171422,22.9328,2.1652,1
0.168271,27.9231,2.02643,1
0.139858,22.8411,2.10839,1
0.235554,20.2681,2.00812,1
0.255624,8.15013,2.08945,1
0.285424,21.7735,2.14158,1
0.430967,20.0388,2.05293,1
0.277641,15.3266,2.10675,1
0.224452,25.6503,2.15459,1
0.12959,9.81028,2.05992,1
0.541131,13.2034,2.05452,1
0.321536,32.7381,2.03547,1
0.206237,29.6579,2.00632,1
0.180089,23.3997,2.07056,1
0.114939,22.9851,2.14517,1
0.132564,10.2095,2.14253,1
0.157373,26.2115,2.15262,1
0.20925,18.1188,2.05621,1
0.189891,25.568,2.03476,1
0.17921,23.6623,2.03549,1
0.213566,14.193,2.07131,1
0.357392,25.2489,2.03359,1
0.15644,28.7065,2.02947,1
0.21166,24.5922,2.03978,1
0.325893,18.2371,2.02493,1
0.150064,24.7553,2.05764,1
0.159064,21.3196,2.0228,1
0.20794,16.1861,1.9964,1
0.169775,14.3103,2.15323,1
0.138526,23.5016,2.13797,1
0.310734,14.7533,2.08735,1
0.24942,24.2063,2.04049,1
0.149345,32.4318,2.17664,1
0.143082,22.1121,2.06012,1
0.217556,16.3859,2.14218,1
0.144543,22.8371,2.07238,1
0.210136,21.9534,2.10891,1
0.145634,24.2765,2.06278,1
0.191397,9.58303,2.05293,1
0.158545,29.9033,2.05632,1
0.246848,20.3064,2.09732,1
0.447262,18.7171,2.08102,1
0.202361,24.2727,2.06382,1
0.21967,20.8725,2.13407,1
0.217639,13.36,2.0825,1
0.362919,10.528,2.03661,1
0.152096,21.5361,2.13547,1
0.228189,20.7195,2.02072,1
0.15017,24.1871,2.13972,1
0.21611,18.7992,2.1455,1
0.168679,21.0862,2.02855,1
0.114444,24.1233,2.05617,1
0.24862,39.4377,2.03077,1
0.319677,20.8449,2.12384,1
0.185226,7.57365,2.08401,1
0.269066,18.2192,2.03794,1
0.223309,22.601,2.07676,1
0.368824,26.0675,2.03729,1
0.147884,17.004,2.16083,1
0.254384,18.2483,2.0655,1
0.121306,31.6374,2.14747,1
0.312328,14.9154,2.12383,1
0.185763,15.3701,2.04285,1
0.183702,21.0025,2.08173,1
0.370921,20.0614,2.06028,1
0.16682,4.47039,2.12208,1
0.162644,19.2905,2.111,1
0.195588,19.3025,2.00981,1
0.156576,12.2189,2.05682,1
0.15625,19.2136,2.03904,1
0.111894,23.994,2.13522,1
0.157856,16.3344,2.15848,1
0.283807,15.1371,2.03478,1
0.173973,13.3222,2.14492,1
0.205414,17.7399,2.03026,1
0.177027,33.8601,2.09953,1
0.151264,21.9361,2.14172,1
0.21645,26.0307,2.04015,1
0.122512,33.0366,2.03555,1
0.15893,6.88496,2.12937,1
0.128654,23.762,2.13777,1
0.267929,24.5409,2.08111,1
0.278718,16.615,2.0717,1
0.28468,24.7128,2.05621,1
0.387669,12.4779,2.03525,1
0.102935,21.6817,2.1402,1
0.30025,10.4412,2.14829,1
0.232393,9.88016,2.0275,1
0.200147,12.0163,2.10976,1
0.126539,22.2918,2.12367,1
0.169619,31.1759,2.13748,1
0.234924,17.5232,2.0825,1
0.202909,21.4537,2.04365,1
0.188615,18.1606,2.04267,1
0.244395,20.8503,2.07974,1
0.130685,16.0855,2.15562,1
0.310018,19.269,2.04853,1
0.286647,13.8267,2.03823,1
0.199525,16.9066,2.06057,1
0.287417,12.653,2.04935,1
0.173201,23.587,2.04329,1
0.119567,23.8634,2.04861,1
0.195306,19.386,2.1547,1
0.206847,20.6169,2.05958,1
0.21192,24.7635,2.02851,1
0.312582,12.7302,2.13443,1
0.198918,26.7781,2.01232,1
0.437579,19.9488,2.02991,1
0.108209,22.9741,2.149,1
0.152992,12.7881,2.07302,1
0.218874,10.8949,1.99796,1
0.494845,18.0868,2.08006,1
0.306633,12.1764,2.07505,1
0.172149,7.53819,2.13482,1
0.255773,15.2653,2.03956,1
0.199788,16.1059,2.1304,1
0.147337,18.2802,2.14817,1
0.171907,12.3667,2.10145,1
0.168847,18.1559,2.04862,1
0.401725,23.8283,2.08179,1
0.202561,23.1299,2.04204,1
0.273297,23.2008,2.08561,1
0.159378,34.2616,2.0333,1
0.391135,17.5373,2.03667,1
0.218802,20.1063,2.03177,1
0.148732,30.0915,2.07873,1
0.228289,9.51499,2.06746,1
0.228461,16.5572,1.9996,1
0.315569,24.2579,2.08855,1
0.46867,27.682,2.0305,1
0.158259,10.2622,2.06312,1
0.147375,16.479,2.04061,1
0.1069,24.1575,2.15512,1
0.466546,15.7804,2.15849,1
0.451195,11.2878,2.10327,1
0.180084,16.8032,2.05615,1
0.138432,17.6792,2.12863,1
0.199199,25.2444,2.04217,1
0.452502,17.4099,2.03978,1
0.130912,16.3096,2.13485,1
0.186319,6.76683,2.05777,1
0.223339,9.87272,2.0788,1
0.421273,19.2479,2.08084,1
0.243172,24.7295,2.0492,1
0.148754,18.9489,2.14646,1
0.194749,29.5241,2.01321,1
0.269811,16.9181,2.14798,1
0.175801,25.0541,2.01179,1
0.121621,25.9615,2.12144,1
0.39023,13.6895,2.07774,1
0.403213,15.7628,2.03258,1
0.271406,15.4927,2.17179,1
0.161003,15.591,2.06664,1
0.166935,28.0184,2.02741,1
0.21854,31.485,2.13815,1
0.253495,12.0455,2.09923,1
0.414614,12.267,2.07493,1
0.35464,14.2618,2.01072,1
0.246971,20.767,2.07966,1
0.130348,24.3224,2.12292,1
0.246663,25.9956,2.08735,1
0.375416,21.4639,2.05621,1
0.233886,17.0412,2.1587,1
0.231657,17.6621,2.08347,1
0.24556,17.8271,2.08179,1
0.155491,19.1569,2.13242,1
0.277827,17.6756,2.02261,1
0.259045,26.0129,2.1039,1
0.191055,15.6862,2.0554,1
0.219072,31.5524,2.03107,1
0.204836,18.9225,2.09327,1
0.351149,16.2331,2.14753,1
0.37045,12.184,2.04663,1
0.307051,15.3755,2.08863,1
0.21948,11.2094,2.07867,1
0.195169,13.1259,2.09617,1
0.335007,18.7344,2.06017,1
0.151056,16.7376,2.05566,1
0.187206,19.0567,2.00741,1
0.103986,24.4258,2.11529,1
0.2897,11.8514,2.03125,1
0.289165,17.8377,2.12956,1
0.275233,23.8749,2.05566,1
0.287665,12.8429,2.13951,1
0.203895,9.12972,2.0349,1
0.19488,11.9113,2.13281,1
0.291508,10.8302,2.12144,1
0.153284,28.3675,2.14439,1
0.17364,20.3998,2.02545,1
0.143926,27.826,2.08223,1
0.304729,18.1417,2.07754,1
0.283303,19.2635,2.08748,1
0.160133,24.5964,2.03661,1
0.251451,23.2908,2.08397,1
0.386789,13.007,2.08467,1
0.156062,23.7831,1.99938,1
0.173491,25.5173,2.15416,1
0.247026,18.1905,2.08241,1
0.197546,18.9058,2.14721,1
0.298289,17.739,2.06397,1
0.230918,21.3508,2.15029,1
0.192699,15.03,2.12124,1
0.176446,33.2447,2.01072,1
0.261292,7.01511,2.10008,1
0.376394,14.288,2.14956,1
0.159321,18.9888,2.09279,1
0.336732,17.7671,2.1173,1
0.17306,16.8076,2.1204,1
0.124005,16.9758,2.15291,1
0.15538,11.494,2.03779,1
0.165239,18.6289,2.16046,1
0.382439,7.36428,2.0805,1
0.174979,9.77332,2.15484,1
0.283971,15.452,2.00632,1
0.272434,9.34563,2.08967,1
0.178785,17.3148,2.07276,1
0.313051,19.1291,2.06398,1
0.231324,15.2823,2.15135,1
0.156364,15.4243,2.14195,1
0.344851,20.6424,2.06423,1
0.192137,15.0421,2.03956,1
0.142327,12.5817,2.13234,1
0.317106,12.2863,2.05354,1
0.306814,23.6002,2.08016,1
0.265918,14.8386,2.02159,1
0.197257,18.2387,2.06415,1
0.454692,17.3038,2.1396,1
0.132462,15.9247,2.13632,1
0.126988,11.3017,2.03667,1
0.406694,12.8116,2.02927,1
0.204568,8.85093,2.06,1
0.220171,13.8382,2.10509,1
0.215926,13.5172,2.01888,1
0.284571,17.9907,2.11439,1
0.456194,17.1983,2.03717,1
0.317442,29.7536,2.01983,1
0.184356,12.3024,2.03675,1
0.207667,15.4716,2.11977,1
0.229756,15.9633,2.05619,1
0.431292,17.4649,2.07673,1
0.181099,24.2913,2.05084,1
0.29511,9.73895,2.11479,1
0.307744,11.9533,2.07735,1
0.285066,18.2664,2.03281,1
0.435566,8.21017,2.07595,1
0.320756,15.9061,2.04802,1
0.290982,10.8557,2.06689,1
0.305412,13.8788,2.15691,1
0.386554,10.9188,2.02097,1
0.296833,11.224,2.07701,1
0.293937,10.9553,2.10082,1
0.229459,18.7022,2.13866,1
0.334393,16.5274,2.04026,1
0.134172,25.6206,2.03022,1
0.272218,16.288,2.03304,1
0.248602,16.2047,2.12123,1
0.176933,18.4804,2.08988,1
0.160374,16.7203,2.15095,1
0.470172,12.8966,2.03434,1
0.390971,14.7218,2.07066,1
0.238245,16.5848,2.17323,1
0.413014,10.4572,2.03125,1
0.273405,21.3636,2.15553,1
0.188903,17.3159,2.1396,1
0.223819,25.2451,2.05069,1
0.325091,15.8025,2.13224,1
0.377833,19.6521,2.03107,1
0.248714,17.4359,2.1017,1
0.167969,11.4434,2.03335,1
0.156444,13.4917,2.1466,1
0.302467,20.4385,2.07584,1
0.30644,18.7521,2.06812,1
0.263758,14.0698,2.02991,1
0.41932,10.5405,2.06398,1
0.264851,15.0229,2.0554,1
0.266512,18.9161,2.07259,1
0.206143,16.0199,2.14215,1
0.243753,15.2354,2.04474,1
0.348943,14.0528,2.07743,1
0.156624,12.0034,2.15553,1
0.299731,11.5349,2.04159,1
0.249844,21.0698,2.08037,1
0.34175,10.2538,2.11476,1
0.168055,6.06025,2.14844,1
0.318474,8.89788,2.13212,1
0.339066,16.6745,2.02794,1
0.183833,16.2351,2.15936,1
0.169031,17.9607,2.08413,1
0.485605,20.287,2.04026,1
0.237092,5.85011,2.10512,1
0.349284,19.3895,2.06617,1
0.224579,16.9759,2.05855,1
0.281021,17.8388,2.12048,1
0.19845,16.1763,2.06977,1
0.459736,10.6528,2.06488,1
0.436723,16.6262,2.05682,1
0.167162,18.626,2.15393,1
0.392326,15.9283,2.16318,1
0.517404,7.41967,2.07718,1
0.402278,14.5022,2.07584,1
0.324754,13.835,2.03258,1
0.153684,16.4711,2.14989,1
0.146105,13.047,2.13907,1
0.446562,20.9769,2.07197,1
0.396683,12.0023,2.04586,1
0.184728,21.8733,2.06342,1
0.258114,25.3491,2.04276,1
0.316714,11.1672,2.10551,1
0.209203,9.08622,2.12488,1
0.189271,19.9063,2.02097,1
0.255087,7.95118,2.06379,1
0.260489,16.8027,2.03304,1
0.160606,21.9445,2.07709,1
0.212318,15.387,2.0821,1
0.404959,14.2845,2.06617,1
0.274897,19.161,2.06862,1
0.222779,5.9121,2.09617,1
0.354959,12.7444,2.09545,1
0.250843,14.2001,2.03277,1
0.130495,10.9929,2.13933,1
0.335417,19.0941,2.0821,1
0.42117,11.9431,2.1137,1
0.199872,18.0561,2.15168,1
0.329691,21.5259,2.08059,1
0.136816,16.992,2.12868,1
0.258654,24.3177,2.08765,1
0.273618,16.1288,2.04454,1
0.268849,13.7517,2.06791,1
0.250197,15.7559,2.14296,1
0.230014,11.6239,2.0424,1
0.377625,22.8891,2.01072,1
0.516776,14.0219,2.08223,1
0.146364,20.8838,2.13632,1
0.175288,18.7438,2.08581,1
0.230053,22.3552,2.03304,1
0.240544,12.3289,2.05542,1
0.158434,18.38,2.11983,1
0.371646,17.5533,2.02544,1
0.188845,25.0653,2.15527,1
0.265096,21.4137,2.01179,1
0.230536,21.2455,2.13242,1
0.356254,15.4335,2.14454,1
0.339319,16.1272,2.03351,1
0.221884,17.9369,2.04285,1
0.428633,12.8543,2.10891,1
0.342312,24.4416,2.17509,1
0.189356,13.0082,2.03731,1
0.215423,16.4533,2.03434,1
0.197239,19.2553,2.15168,1
0.178187,15.0311,2.16106,1
0.210763,20.507,2.08846,1
0.32986,11.8482,2.13248,1
0.32604,19.1646,2.04061,1
0.242289,10.1532,2.15599,1
0.153493,16.9749,2.14341,1
0.180307,21.3771,2.14729,1
0.284811,19.4357,2.07548,1
0.427107,22.2499,2.13821,1
0.220458,11.7599,2.07964,1
0.2236,11.9886,2.03841,1
0.419117,16.253,2.04296,1
0.247987,12.2363,2.06012,1
0.614221,13.3917,2.07381,1
0.333645,17.6649,1.99431,1
0.457604,11.9713,2.08329,1
0.24385,9.74678,2.02739,1
0.357636,17.5975,2.05735,1
0.22581,18.622,2.02885,1
0.246036,4.85286,2.15484,1
0.256307,14.5867,2.03351,1
0.430846,9.64268,2.11065,1
0.218956,8.0211,2.1443,1
0.362797,15.7292,2.08134,1
0.429709,17.3877,2.1629,1
0.23782,9.58789,2.13092,1
0.230932,19.9326,2.14242,1
0.337262,21.5737,2.07238,1
0.231309,11.5719,2.02097,1
0.363041,7.21033,2.04276,1
0.253227,19.5872,2.1336,1
0.402774,8.57446,2.03507,1
0.213808,8.82982,2.16046,1
0.477749,11.4656,2.12418,1
0.338331,14.5977,2.04049,1
0.320239,17.4511,2.0424,1
0.178047,22.0302,2.15368,1
0.223981,6.81142,2.15581,1
0.169249,14.0124,2.13575,1
0.225363,10.2967,2.14877,1
0.241798,13.5179,2.03707,1
0.324834,15.5876,2.13092,1
0.20399,10.9185,2.07608,1
0.191756,14.782,2.09703,1
0.560258,12.4056,2.04365,1
0.16754,4.65937,2.14552,1
0.223955,21.3538,2.03434,1
0.349367,15.0644,2.08791,1
0.322259,16.2705,2.14205,1
0.306376,19.0822,2.09355,1
0.231028,8.69918,2.03823,1
0.521181,11.593,2.15202,1
0.249144,21.026,2.0424,1
0.507823,10.495,2.06664,1
0.224616,15.5018,2.10555,1
0.30194,9.91632,2.12367,1
0.556783,10.7295,2.05958,1
0.508053,13.4976,2.11405,1
0.299293,16.9261,2.12048,1
0.201219,10.8495,2.13632,1
0.185364,11.6849,2.12383,1
0.228298,9.9774,2.02121,1
0.349585,11.0017,2.12013,1
0.218613,13.486,2.11983,1
0.251236,13.7603,2.02121,1
0.163758,14.6637,2.15527,1
0.350146,14.6437,2.05354,1
0.643746,6.59931,2.07964,1
0.37345,12.8181,2.02121,1
0.364432,15.5755,2.01095,1
0.17319,16.9855,2.13337,1
0.4027,14.8536,2.04554,1
0.475247,12.2325,2.15291,1
0.27016,9.21124,2.15553,1
0.19994,15.2666,2.06516,1
0.145822,15.1762,2.15721,1
0.45427,8.73071,2.02121,1
0.269494,18.0503,2.08765,1
0.261806,12.2282,2.07676,1
0.333764,11.9394,2.13468,1
0.684536,3.03185,2.10621,1
0.202027,18.3895,2.15817,1
0.475035,6.59056,2.144,1
0.160719,13.0415,2.13117,1
0.268143,5.23905,2.14694,1
0.249069,10.7699,2.14664,1
0.374518,10.1354,1.99431,1
0.402138,19.8396,2.11605,1
0.242641,18.4005,2.04276,1
0.388345,13.5363,2.06305,1
0.345681,17.2923,2.03026,1
0.360583,14.4711,2.0196,1
0.166199,9.42759,2.13659,1
0.249361,9.17421,2.03011,1
0.397124,10.8643,2.07549,1
0.192866,17.4664,2.12048,1
0.225192,11.9458,2.01249,1
0.340398,21.8657,2.13731,1
0.25576,19.8651,2.12319,1
0.233447,15.3507,2.1603,1
0.451726,12.1576,2.02097,1
0.48025,9.92261,2.04217,1
0.307309,10.9661,2.04802,1
0.328703,11.3575,2.06342,1
0.474903,16.3295,2.07772,1
0.261869,10.2213,2.05069,1
0.413202,5.05568,2.10191,1
0.278636,10.8069,2.03281,1
0.299536,21.3977,2.16626,1
0.391671,5.21329,2.04488,1
0.145179,24.4375,2.1548,1
0.459732,7.4584,2.07519,1
0.161639,13.8048,2.1083,1
0.256008,15.2711,2.07546,1
0.331904,14.316,2.06382,1
0.313311,9.86836,2.03978,1
0.414643,13.6063,2.04907,1
0.341302,11.9626,2.14869,1
0.252107,5.23102,2.14138,1
0.172939,9.75229,2.15459,1
0.40023,14.1202,2.08561,1
0.340498,12.4435,2.03329,1
0.279092,18.4959,2.06945,1
0.374889,15.7682,2.03304,1
0.210569,16.5389,2.11479,1
0.204501,13.1398,2.12798,1
0.153457,12.2422,2.13777,1
0.221551,12.6678,2.02958,1
0.32495,19.5749,2.07525,1
0.319544,15.5359,2.02674,1
0.380941,13.9957,2.03729,1
0.319536,24.2901,2.02927,1
0.319624,13.689,1.99406,1
0.453595,17.2596,2.07964,1
0.348901,16.2513,2.01095,1
0.446824,15.2278,2.07754,1
0.494402,13.0086,2.04217,1
0.456076,8.00119,2.03841,1
0.550544,13.5347,2.03277,1
0.448664,17.207,2.04026,1
0.212344,9.0721,2.05788,1
0.594214,11.7775,2.03335,1
0.316215,10.2447,2.04554,1
0.418505,15.2381,2.04562,1
0.523385,12.7892,2.01249,1
0.207089,19.092,2.09146,1
0.2652,10.5387,2.00741,1
0.231497,13.6193,2.11028,1
0.230853,19.4303,2.1466,1
0.240344,11.3253,2.03717,1
0.246849,13.8182,2.05425,1
0.241383,14.4308,2.06057,1
0.410205,8.05158,2.09089,1
0.51809,8.80631,2.06488,1
0.204967,11.3721,2.13629,1
0.432409,15.2027,2.0821,1
0.528846,2.39518,2.04285,1
0.319627,33.1096,2.07723,1
0.27804,6.63782,2.01365,1
0.551188,13.5794,2.1396,1
0.529948,17.932,2.02623,1
0.157689,13.8717,2.17261,1
0.585181,11.391,2.0683,1
0.294845,13.1353,2.13085,1
0.400961,18.0828,2.07767,1
0.246094,18.3844,2.13102,1
0.435534,18.7662,2.10191,1
0.449072,12.9372,2.06869,1
0.241493,18.7525,2.15368,1
0.312354,20.565,2.08013,1
0.319648,17.9736,2.07623,1
0.222976,15.7272,2.15323,1
0.37956,12.4509,2.11676,1
0.2765,6.96267,2.10386,1
0.22686,11.5889,2.13874,1
0.324329,15.1177,2.17664,1
0.523608,8.0364,2.06382,1
0.161003,11.613,2.15879,1
0.364719,13.8017,2.15787,1
0.274712,15.1811,2.1342,1
0.457335,9.9108,2.04015,1
0.32224,14.2988,2.15922,1
0.208708,13.5354,2.02097,1
0.387223,19.0449,2.01877,1
0.356871,8.74234,2.06057,1
0.401376,10.9163,2.07754,1
0.287488,10.1934,2.04615,1
0.463384,11.3438,2.04454,1
0.613305,5.17462,2.03304,1
0.294598,11.9276,2.14341,1
0.269812,9.17667,2.14138,1
0.4084,7.74248,2.11439,1
0.328766,9.76104,2.02623,1
0.394329,11.8439,2.14877,1
0.26782,12.9382,2.03675,1
0.518782,11.7039,2.03779,1
0.370923,11.4526,2.15482,1
0.315396,10.8611,2.1217,1
0.245878,20.978,2.02885,1
0.42604,11.0794,2.07238,1
0.210534,8.69938,2.15082,1
0.248311,18.741,2.151,1
0.475411,12.0778,2.09327,1
0.327649,13.4014,2.05621,1
0.369627,18.5091,2.05937,1
0.293192,8.93008,2.0668,1
0.269566,6.99353,2.12826,1
0.248657,12.2353,2.1603,1
0.39865,5.16691,2.06382,1
0.182856,17.8832,2.15608,1
0.279886,10.0073,2.15651,1
0.340818,9.77681,2.15942,1
0.289566,22.7417,2.1402,1
0.248773,6.51315,2.07686,1
0.263249,10.2128,2.09682,1
0.468235,11.8021,2.0424,1
0.546516,10.0474,2.09682,1
0.285325,15.3711,2.12144,1
0.254637,7.84752,2.1247,1
0.346052,9.48473,2.15562,1
0.596096,12.6932,2.0735,1
0.407289,19.7391,2.06911,1
0.411548,20.1225,2.07756,1
0.296521,17.0448,2.13485,1
0.523658,10.6501,2.07027,1
0.390021,17.2478,2.01321,1
0.266868,12.4626,2.15581,1
0.168462,7.41144,2.10558,1
0.267524,10.0284,2.16669,1
0.32111,9.46981,2.14044,1
0.417562,13.4252,2.14716,1
0.473234,5.80532,2.06375,1
0.489548,11.9537,2.15062,1
0.463135,9.73051,2.12055,1
0.186521,12.0248,2.1344,1
0.200769,8.23631,2.10781,1
0.384939,10.4025,1.9964,1
0.290535,19.6291,2.0599,1
0.608536,8.62297,2.10576,1
0.285425,7.39539,2.13569,1
0.259334,13.39,2.15879,1
0.398254,10.7271,2.14492,1
0.360341,15.8695,2.04474,1
0.259083,9.43736,2.15368,1
0.253857,16.664,2.14877,1
0.747335,7.34955,2.0655,1
0.346489,13.2008,2.0751,1
0.338791,12.9815,2.07564,1
0.221495,6.7069,2.14641,1
0.486322,6.03775,2.00901,1
0.521482,7.78957,2.03434,1
0.438328,10.2971,2.15608,1
0.374776,18.3757,2.13874,1
0.454787,10.262,2.11807,1
0.317927,11.6738,2.04907,1
0.390223,28.6897,2.0505,1
0.571309,10.8545,2.0962,1
0.325758,16.4806,2.07381,1
0.193192,20.3008,2.15922,1
0.560155,11.2728,2.06028,1
0.315608,8.65503,2.0363,1
0.211991,6.82563,2.14482,1
0.6636,13.7809,2.04554,1
0.186413,12.711,2.13776,1
0.430955,11.4479,2.04802,1
0.303952,16.0836,2.15409,1
0.473337,9.59551,2.03933,1
0.501827,4.5383,2.13722,1
0.251844,11.0538,2.0321,1
0.395751,12.2133,2.11065,1
0.351289,10.5527,2.02544,1
0.273247,9.22908,2.03199,1
0.375648,17.4009,2.04242,1
0.235978,15.8527,2.07826,1
0.36805,9.89534,2.06382,1
0.407177,13.0083,2.08037,1
0.401493,11.0888,2.03675,1
0.332174,6.91412,2.14664,1
0.511116,7.56475,2.04488,1
0.620326,8.44278,2.03125,1
0.425173,8.53716,2.07458,1
0.280794,16.6658,2.15942,1
0.248569,27.6121,2.07902,1
0.317286,9.88906,2.03525,1
0.428395,8.01014,2.07256,1
0.256229,6.5553,2.16106,1
0.355628,16.9487,2.1466,1
0.197159,7.74644,2.15029,1
0.233585,14.8849,2.08561,1
0.372811,7.18121,2.01249,1
0.426838,7.45032,2.02072,1
0.4191,9.44956,2.12623,1
0.334682,10.1761,2.11415,1
0.370022,8.63893,2.06793,1
0.260812,6.76416,2.07718,1
0.355261,9.72775,2.08846,1
0.322874,15.6169,2.15135,1
0.333521,10.8102,2.14302,1
0.420704,12.4295,1.99406,1
0.687742,8.87351,2.03301,1
0.457199,16.2101,2.10515,1
0.448554,12.415,2.1257,1
0.502854,10.7727,2.07542,1
0.507081,11.0669,2.02159,1
0.447106,12.3408,2.144,1
0.243051,9.96956,2.02958,1
0.372186,16.1094,2.06215,1
0.205347,8.22033,2.14481,1
0.46117,12.6696,2.04049,1
0.524689,15.6467,2.07057,1
0.311412,7.2439,2.08581,1
0.319475,26.7261,2.03707,1
0.268419,13.0455,2.13102,1
0.535995,7.57376,2.03547,1
0.27483,15.3115,2.14829,1
0.361706,3.93805,2.02072,1
0.312326,11.8045,2.16669,1
0.673468,9.19963,2.16106,1
0.2884,12.9665,2.02563,1
0.299443,11.7231,2.14989,1
0.364013,9.9092,2.03779,1
0.367902,7.0915,2.08765,1
0.587551,14.6191,2.06415,1
0.38807,9.94713,2.12168,1
0.618324,6.29628,2.14403,1
0.393744,15.0806,2.0492,1
0.523705,8.07222,2.1426,1
0.402245,5.3487,2.15527,1
0.428818,7.76314,2.0492,1
0.539446,15.6684,2.08292,1
0.324876,10.2472,2.12501,1
0.325826,9.40879,2.11405,1
0.403614,10.0952,2.15468,1
0.213077,3.10858,2.03707,1
0.376412,6.34741,2.13569,1
0.252968,11.0873,2.1402,1
0.393016,10.605,2.04285,1
0.490936,17.5501,2.0505,1
0.323959,12.4477,2.01072,1
0.314329,13.8054,2.1506,1
0.469347,8.34854,2.04488,1
0.222336,10.069,2.11413,1
0.387183,12.0075,2.13797,1
0.400163,11.1079,2.10675,1
0.606046,8.00147,2.12144,1
0.221498,14.4843,2.07235,1
0.223244,18.8115,2.15368,1
0.50201,11.6955,2.04329,1
0.540049,8.01218,2.14844,1
0.408903,10.3676,1.99796,1
0.582923,12.0329,2.08863,1
0.400917,14.8299,2.08967,1
0.500031,7.13715,2.05425,1
0.445361,10.2693,2.0852,1
0.473384,8.49633,2.02958,1
0.521893,13.6588,2.06259,1
0.403947,11.2907,2.15368,1
0.319646,16.1061,2.0321,1
0.438432,10.5001,2.07373,1
0.645142,7.07641,2.07009,1
0.360869,8.51703,2.02587,1
0.426186,18.2397,2.07719,1
0.333762,15.466,2.15084,1
0.296246,6.97003,2.14302,1
0.477502,11.734,2.07783,1
0.509063,10.8993,2.04204,1
0.269438,10.227,2.04562,1
0.297844,6.89897,2.13797,1
0.456312,12.4907,2.0554,1
0.290996,12.53,2.15512,1
0.483828,15.9685,2.15062,1
0.448861,11.0277,2.15135,1
0.280606,10.9249,2.13719,1
0.6345,13.4414,2.03022,1
0.275058,12.2522,2.05069,1
0.256753,11.043,2.08329,1
0.475434,18.926,2.05452,1
0.607895,13.4122,2.08179,1
0.465656,11.3845,2.1247,1
0.551611,10.2331,2.0711,1
0.392382,12.1443,2.08467,1
0.551611,5.39459,2.15691,1
0.577327,7.92888,2.13567,1
0.389078,18.5921,2.07743,1
0.19785,12.5173,2.15291,1
0.391846,13.1888,2.05425,1
0.399449,10.8544,2.14382,1
0.477566,10.5474,2.08025,1
0.224264,11.6157,2.15816,1
0.412068,14.9606,2.13731,1
0.313592,10.0641,2.03862,1
0.549883,7.47503,2.12037,1
0.335238,15.9588,2.1529,1
0.364284,7.90831,2.03301,1
0.34966,15.7384,2.04265,1
0.397426,6.93999,2.13589,1
0.369561,15.5631,2.13866,1
0.424912,8.66763,2.03478,1
0.5961,15.0749,2.01877,1
0.698789,8.62541,2.05621,1
0.323734,12.9235,2.15029,1
0.389561,16.7683,2.11065,1
0.31582,6.00549,2.13337,1
0.485939,12.4199,2.03525,1
0.41812,10.2748,2.15029,1
0.352618,8.6912,2.10003,1
0.329031,8.83521,2.14956,1
0.636016,4.39501,2.04138,1
0.481489,11.9515,2.08868,1
0.467332,8.30926,2.06342,1
0.526063,7.51631,2.05609,1
0.308574,8.62429,2.12037,1
0.548417,7.49692,2.12124,1
0.374244,12.4649,2.03156,1
0.306343,14.2099,2.11371,1
0.39795,8.52418,2.14158,1
0.326138,12.7248,2.11415,1
0.410719,15.0883,2.06378,1
0.621228,9.42473,2.11115,1
0.681127,9.48777,2.09923,1
0.505326,11.9717,2.06278,1
0.38953,12.5809,2.02991,1
0.625127,7.94905,2.04365,1
0.483365,10.8584,2.04562,1
0.345482,8.50008,2.144,1
0.409733,7.42929,2.03011,1
0.271171,12.1064,2.13443,1
0.777657,6.19955,2.01888,1
0.551395,6.83358,2.09682,1
0.354231,12.9593,2.07235,1
0.350363,5.62718,2.13212,1
0.249665,11.6927,2.04586,1
0.404545,10.9798,2.09393,1
0.536247,11.3199,2.15416,1
0.316939,8.87549,2.06758,1
0.426525,13.0012,2.01888,1
0.502997,4.3685,2.13248,1
0.219066,19.6374,2.12327,1
0.352609,9.165,2.11028,1
0.287114,9.20843,2.06382,1
0.297131,20.1017,2.00901,1
0.334538,7.35987,2.1344,1
0.543859,9.44944,2.07037,1
0.26624,9.29139,2.10515,1
0.398991,14.0847,2.15581,1
0.342386,8.28001,2.15393,1
0.347745,18.5885,2.13917,1
0.293825,8.70555,2.16626,1
0.421909,7.65742,2.06305,1
0.367752,2.9296,2.10675,1
0.657439,13.396,2.08734,1
0.308977,10.9397,2.14205,1
0.382012,5.74779,2.15029,1
0.302146,5.03682,2.12746,1
0.441581,11.3584,2.03823,1
0.405479,12.3964,2.08413,1
0.386046,11.0088,2.03335,1
0.279945,15.629,2.08023,1
0.51417,10.5161,2.11319,1
0.35502,7.03526,2.12327,1
0.311899,6.22371,2.09923,1
0.372938,12.2315,2.1342,1
0.411554,16.6206,2.13443,1
0.46019,8.93511,2.02587,1
0.323853,10.7991,2.02885,1
0.456098,5.774,2.06375,1
0.497283,8.63669,2.1197,1
0.333579,8.42084,2.04365,1
0.313028,13.5334,2.12055,1
0.479083,15.7802,2.05855,1
0.643325,9.73821,2.14082,1
0.45569,15.4828,2.02961,1
0.397194,9.25898,2.03026,1
0.319725,12.0531,2.14382,1
0.186307,8.91352,2.12086,1
0.361479,8.75324,2.02991,1
0.432308,14.7047,2.1304,1
0.478721,9.84542,2.02587,1
0.29054,10.505,2.12937,1
0.630101,5.6672,2.03434,1
0.508589,12.4345,2.12013,1
0.415233,13.1461,2.09923,1
0.328596,5.05522,2.15599,1
0.280676,13.6099,2.13769,1
0.323427,14.969,2.15082,1
0.280005,6.41152,2.02545,1
0.389349,15.9828,2.1364,1
0.401002,9.82359,2.151,1
0.197495,12.3566,2.10134,1
0.489248,4.6776,2.06746,1
0.390733,8.0136,2.12229,1
0.557393,9.98541,2.05609,1
0.617562,9.90234,2.10555,1
0.227635,12.2508,2.09327,1
0.336288,5.65564,2.15082,1
0.385426,13.6228,2.1426,1
0.22662,9.27845,2.16318,1
0.489001,3.39598,2.06312,1
0.62436,4.70683,2.05555,1
0.595604,8.13522,2.12123,1
0.577236,9.77635,2.04061,1
0.628018,11.0265,2.12114,1
0.59255,8.90682,2.07055,1
0.379568,14.7271,2.15721,1
0.535254,9.40846,2.06215,1
0.423739,11.8768,2.07289,1
0.315548,15.8208,2.01095,1
0.461685,9.37326,2.14753,1
0.383516,9.91685,2.07139,1
0.514588,5.34095,2.06822,1
0.412444,14.1278,2.10666,1
0.303215,11.2067,2.04204,1
0.471951,26.8434,2.03549,1
0.376919,9.85506,2.1007,1
0.474031,9.60978,2.03841,1
0.521779,9.93209,2.07269,1
0.354957,9.92959,2.07867,1
0.496638,7.79054,2.13069,1
0.206462,3.91624,2.10861,1
0.382138,11.6515,2.13569,1
0.315745,8.31131,2.09545,1
0.625081,6.06652,2.06215,1
0.595617,9.98612,2.15962,1
0.423565,10.2683,2.1629,1
0.598642,5.61472,2.09783,1
0.406814,9.67008,2.11807,1
0.430837,10.7483,2.0455,1
0.440708,10.1463,2.08329,1
0.615188,5.68567,2.11319,1
0.32736,12.6842,2.11188,1
0.340513,2.98163,2.03862,1
0.374066,15.9224,2.07068,1
0.366317,6.15705,2.04365,1
0.553379,10.4358,2.07381,1
0.444273,10.0785,2.06693,1
0.29995,12.9927,2.16135,1
0.367494,9.35538,2.11018,1
0.539079,12.6703,2.10967,1
0.650086,5.07217,2.08342,1
0.643029,4.39307,2.11476,1
0.494814,4.51093,2.14341,1
0.404642,15.0143,2.03478,1
0.511844,9.92583,2.0096,1
0.646435,8.12722,2.05724,1
0.450913,6.21893,2.15721,1
0.677114,7.97011,2.03978,1
0.330487,11.5251,2.11483,1
0.401682,11.194,2.14206,1
0.555303,6.6636,2.14403,1
0.474878,4.27315,2.14403,1
0.448418,13.9084,2.02261,1
0.321156,12.0466,2.03335,1
0.406911,10.7386,2.08413,1
0.450247,13.0867,2.0288,1
0.67332,3.91998,2.13815,1
0.382291,10.7424,2.13769,1
0.546278,7.21341,2.13407,1
0.575984,9.4668,2.0773,1
0.310571,9.11933,2.03779,1
0.726972,8.07918,2.02741,1
0.346197,8.24009,2.15747,1
0.693189,7.21969,2.02643,1
0.628655,8.84487,2.04562,1
0.397124,7.56536,2.02739,1
0.357746,9.08913,2.14082,1
0.455841,12.5722,2.0671,1
0.416951,5.33437,2.0333,1
0.598012,10.3364,2.02587,1
0.515513,8.67051,2.0711,1
0.455859,9.56089,2.13085,1
0.349584,12.9776,2.14439,1
0.323081,10.1628,2.14138,1
0.324061,8.69137,2.08397,1
0.27837,8.7509,2.14195,1
0.312284,6.90783,2.08085,1
0.297855,13.8247,2.01072,1
0.216358,10.2303,2.13828,1
0.385408,9.39087,2.14861,1
0.425775,7.07656,2.12462,1
0.378381,9.71613,2.10861,1
0.511945,10.2822,2.03329,1
0.277488,9.14896,2.04329,1
0.517387,7.21164,2.1361,1
0.335468,12.3912,2.11705,1
0.429123,11.093,2.07912,1
0.35076,6.86398,2.15082,1
0.501469,12.041,2.11905,1
0.318474,8.41367,2.04217,1
0.711124,9.1251,2.03359,1
0.742434,10.1281,2.0228,1
0.436765,8.04684,2.14844,1
0.422532,15.3037,2.14694,1
0.319274,11.5043,2.15084,1
0.329634,5.09372,2.06896,1
0.527305,6.49295,2.13301,1
0.471488,11.9502,2.14223,1
0.665619,6.05762,2.07799,1
0.473509,9.29623,2.03658,1
0.529787,12.9468,2.03294,1
0.669794,7.22191,2.02741,1
0.345599,7.03739,2.14167,1
0.673611,3.89801,2.15817,1
0.523517,12.8228,2.03675,1
0.4797,8.29034,2.09195,1
0.497156,10.3888,2.12865,1
0.314564,6.18194,2.13117,1
0.45845,8.87473,2.14729,1
0.681793,6.41167,2.06844,1
0.624421,9.92835,2.01983,1
0.453807,2.87807,2.14711,1
0.743445,5.21213,2.14492,1
0.514787,11.9638,2.12744,1
0.303881,6.52919,2.04663,1
0.380709,4.47139,2.11977,1
0.446542,9.47613,2.14439,1
0.402214,14.898,2.1506,1
0.446505,13.2357,2.11807,1
0.389294,13.8937,2.1396,1
0.527923,10.5295,2.06765,1
0.27533,9.80417,2.15139,1
0.677855,9.04369,2.01072,1
0.441129,13.0696,2.09545,1
0.480163,18.0929,2.14861,1
0.665364,6.21242,2.03507,1
0.665364,3.4854,2.08023,1
0.444683,11.8786,1.99406,1
0.340408,11.6917,2.1361,1
0.330308,13.2327,2.13547,1
0.311412,11.5416,2.12746,1
0.474272,5.02227,2.02633,1
0.486536,11.5309,2.0668,1
0.661257,8.00498,2.04862,1
0.562132,10.3033,2.03031,1
0.469305,8.01266,2.10861,1
0.637899,7.67446,2.02633,1
0.354472,8.43887,2.04853,1
0.400672,9.35804,2.04061,1
0.249907,8.15383,2.10509,1
0.34776,10.4931,2.15599,1
0.363477,7.81706,2.12013,1
0.648935,10.5034,2.03547,1
0.720762,8.91448,2.07546,1
0.677324,8.8756,2.15409,1
0.374186,8.04441,2.0683,1
0.551625,3.404,2.01321,1
0.597453,8.86788,2.13485,1
0.427505,10.081,2.16873,1
0.60061,14.7839,2.04586,1
0.385468,5.23667,2.0751,1
0.376666,7.53496,2.06516,1
0.321044,7.43064,2.14382,1
0.364724,10.6204,2.1455,1
0.416236,10.8671,2.15879,1
0.681269,7.02574,2.03729,1
0.521495,11.4896,2.15168,1
0.553645,8.25113,2.14195,1
0.625589,9.42357,2.12462,1
0.603316,11.2104,2.07038,1
0.485873,10.2608,2.14205,1
0.355513,9.01006,2.1548,1
0.589133,6.943,2.06842,1
0.435938,10.8611,2.14253,1
0.387957,12.2366,2.15721,1
0.58228,8.54003,2.07799,1
0.503436,9.67729,2.09114,1
0.46532,11.8867,2.15721,1
0.42868,14.5152,2.0363,1
0.474419,10.0352,2.00981,1
0.659645,7.78188,2.05888,1
0.33569,12.683,2.04862,1
0.343174,8.87345,2.12427,1
0.528075,11.0017,2.03258,1
0.643421,9.44588,2.0228,1
0.663744,10.8347,2.10621,1
0.35187,8.07185,2.15651,1
0.295437,11.3565,2.16106,1
0.667589,7.73478,2.15512,1
0.414395,10.1316,1.9964,1
0.485947,10.2277,2.06431,1
0.480645,11.0654,2.11068,1
0.415855,10.8235,2.04474,1
0.576893,9.2858,2.03717,1
0.330895,5.06207,2.06892,1
0.474179,10.3113,2.04909,1
0.543724,8.13719,2.0228,1
0.543724,8.02424,2.08561,1
0.425124,6.79517,2.14044,1
0.502603,8.03313,2.07103,1
0.666685,6.01847,2.0333,1
0.28685,7.86421,2.15368,1
0.301674,10.1772,2.15816,1
0.546443,5.1374,2.10386,1
0.401866,8.53585,2.15029,1
0.388329,11.2699,2.10967,1
0.296208,10.8274,2.11028,1
0.371612,14.0341,2.02545,1
0.385883,8.37287,2.12452,1
0.348053,6.27652,2.13769,1
0.719835,5.71346,2.04217,1
0.521498,5.8248,2.08791,1
0.337934,6.83695,2.03281,1
0.526488,7.19163,2.05425,1
0.791436,3.69456,2.0717,1
0.486863,4.98797,2.07037,1
0.535292,8.7446,2.03549,1
0.451416,9.81579,2.08013,1
0.550878,6.96827,2.08179,1
0.314953,13.2433,2.14641,1
0.391137,11.2271,2.0685,1
0.537913,10.6357,2.05724,1
0.246353,2.24407,2.15691,1
0.303317,10.9627,2.13776,1
0.780482,3.95064,2.04909,1
0.573072,6.7282,2.08347,1
0.4911,10.5508,2.10693,1
0.294017,6.01748,2.14045,1
0.445146,13.5173,2.04285,1
0.566135,9.03785,2.13632,1
0.656327,7.17352,2.15562,1
0.619932,6.00246,2.03978,1
0.56905,9.04087,2.03904,1
0.275181,11.9867,2.02795,1
0.387979,13.2114,2.15596,1
0.482158,9.53582,2.12488,1
0.555339,11.2291,2.06982,1
0.61543,7.85864,2.02958,1
0.664008,8.58943,2.06415,1
0.425912,8.0274,2.0333,1
0.589479,10.0737,2.14299,1
0.443839,13.0466,2.13769,1
0.309275,5.59859,2.15029,1
0.369837,11.2382,2.0363,1
0.294323,9.3421,2.15849,1
0.603413,5.25879,2.13828,1
0.384107,10.4711,2.10693,1
0.358786,10.0885,2.14171,1
0.544741,10.081,2.1443,1
0.496495,10.8598,2.03835,1
0.477447,7.92959,2.1603,1
0.599087,6.072,2.07497,1
0.471936,7.32174,2.04554,1
0.48508,12.1141,2.03661,1
0.617937,7.90747,2.14506,1
0.540836,10.6278,2.14218,1
0.400544,12.7107,2.07458,1
0.432607,5.63297,2.13212,1
0.519097,10.7089,2.12882,1
0.556976,10.5046,2.16873,1
0.308245,9.93072,2.09,1
0.675462,8.46308,2.02544,1
0.320302,15.7001,2.12418,1
0.313184,10.0247,2.15527,1
0.693091,4.50997,2.03978,1
0.511574,5.47313,2.15299,1
0.467142,5.48353,2.12327,1
0.43274,9.06749,2.01072,1
0.348499,7.84425,2.09279,1
0.444401,3.75456,2.12937,1
0.525306,9.30102,2.03156,1
0.451262,11.7982,2.09703,1
0.697603,6.59116,2.0655,1
0.516448,12.0469,2.1547,1
0.432528,13.6404,2.1603,1
0.482207,12.5294,2.14492,1
0.736665,7.66649,2.03277,1
0.726223,10.566,2.07966,1
0.418422,12.0815,2.15484,1
0.447919,15.4912,2.06758,1
0.512622,6.85335,2.04061,1
0.660671,5.48746,2.05452,1
0.407479,6.04747,2.08561,1
0.7163,4.50132,2.07056,1
0.7163,5.78588,2.14729,1
0.452975,8.50095,2.12124,1
0.634738,4.06849,2.02851,1
0.464066,9.16118,2.02587,1
0.502619,15.2508,2.10976,1
0.434562,8.065,2.13575,1
0.453403,13.3942,2.07644,1
0.458592,7.70954,1.9964,1
0.41832,8.33683,2.05542,1
0.504971,10.4923,2.06028,1
0.383129,12.0447,2.11412,1
0.431282,7.11985,2.07497,1
0.455331,9.73446,2.03335,1
0.45319,9.83228,2.1083,1
0.730665,4.12221,2.14506,1
0.498826,7.63667,2.12037,1
0.431282,9.54842,2.14817,1
0.394414,8.2219,2.13092,1
0.625193,6.79516,2.02674,1
0.358125,7.65839,2.16873,1
0.467919,13.7987,2.10674,1
0.515818,10.8047,2.0363,1
0.444676,9.77451,2.03335,1
0.343738,6.4713,2.05621,1
0.589847,8.64019,2.13242,1
0.589847,6.54787,2.15514,1
0.637274,5.98524,2.13769,1
0.729759,6.84031,2.01232,1
0.59302,9.30308,2.09545,1
0.388415,6.79827,2.08467,1
0.527245,10.5808,2.10674,1
0.382656,7.12339,2.10104,1
0.529827,11.2444,2.06812,1
0.739537,3.88392,2.07871,1
0.501787,6.39286,2.07493,1
0.627507,5.86236,2.03258,1
0.680076,7.8308,2.03277,1
0.657528,6.65225,2.09317,1
0.426155,12.8676,2.14205,1
0.627507,8.75108,2.13468,1
0.539132,7.55338,2.08728,1
0.381054,5.15651,2.13301,1
0.317201,6.5585,2.02739,1
0.416249,6.22687,2.04791,1
0.497882,8.63786,2.14716,1
0.521613,9.6941,2.03022,1
0.500199,17.3199,2.04276,1
0.561482,8.97044,2.03399,1
0.54028,8.55626,2.15828,1
0.479859,4.69482,2.17323,1
0.732739,6.99618,2.14747,1
0.371169,7.83267,2.13443,1
0.564302,8.76188,2.15095,1
0.455313,12.5719,2.15123,1
0.394989,8.68139,2.13407,1
0.654942,8.15652,2.04554,1
0.737511,4.44141,2.06423,1
0.427638,9.78582,2.15393,1
0.464663,12.6616,2.08085,1
0.658832,9.25778,2.04365,1
0.513398,18.2988,2.01232,1
0.492322,8.05547,2.02493,1
0.472518,5.00595,2.04935,1
0.355011,9.53719,2.03862,1
0.658906,5.89917,2.04339,1
0.562727,7.03233,1.99938,1
0.424231,6.74136,2.13659,1
0.295785,13.0278,2.12037,1
0.565661,6.40454,2.03476,1
0.414492,10.4296,2.0333,1
0.480099,4.52352,2.13575,1
0.449974,11.8325,2.0333,1
0.558207,8.53801,2.14296,1
0.462673,10.9781,2.06382,1
0.422489,7.80938,2.00424,1
0.470542,8.15854,2.1364,1
0.422489,12.7208,2.14716,1
0.527284,8.7227,2.14302,1
0.670941,8.73947,2.03525,1
0.536691,10.7543,2.04276,1
0.446331,6.54868,2.14382,1
0.478357,2.591,2.15468,1
0.556538,7.60493,2.05542,1
0.435772,3.26071,2.07867,1
0.539376,5.36249,2.05788,1
0.746639,4.39388,2.12168,1
0.440858,17.8066,2.14172,1
0.453511,9.09151,2.14138,1
0.546387,9.35747,2.15393,1
0.435772,5.55816,2.14716,1
0.458912,11.8719,2.13567,1
0.509763,7.81783,2.07937,1
0.689093,8.95128,2.07644,1
0.447906,10.7741,2.03904,1
0.447906,10.4537,2.02795,1
0.509763,4.69938,2.14989,1
0.518925,10.3759,2.13823,1
0.525348,10.0687,2.02072,1
0.534955,9.91233,2.02288,1
0.679237,5.45016,2.09195,1
0.444531,10.7152,2.111,1
0.628848,8.9057,2.07289,1
0.439044,9.35506,2.04276,1
0.439044,4.66855,2.09703,1
0.620091,8.81631,2.03281,1
0.418535,10.3061,2.10003,1
0.391926,8.69244,2.14223,1
0.575596,8.05024,2.15082,1
0.552843,9.6639,2.07213,1
0.4442,8.79299,2.03707,1
0.528473,7.4482,2.04562,1
0.589775,5.98728,2.0906,1
0.686216,6.42558,2.08504,1
0.505849,8.67742,2.1498,1
0.528473,2.80724,2.1548,1
0.428113,11.2177,2.12501,1
0.400379,11.1288,2.13242,1
0.492981,7.1039,2.15879,1
0.406479,11.8256,2.04138,1
0.488785,8.94308,2.07039,1
0.731776,3.11503,2.04276,1
0.292654,7.57586,2.02493,1
0.519781,10.3228,2.15084,1
0.396971,12.4731,2.10675,1
0.599422,12.5217,2.11115,1
0.274403,5.13662,2.03933,1
0.582907,6.24427,2.04285,1
0.564024,11.3039,2.03547,1
0.515319,9.70536,2.06431,1
0.574972,6.00252,2.07131,1
0.678745,6.44846,2.0821,1
0.451022,8.5737,2.16106,1
0.564024,7.96993,2.11413,1
0.645556,7.13629,2.03335,1
0.66877,3.95002,2.09309,1
0.66877,4.2693,2.14304,1
0.531533,6.65371,2.11676,1
0.566994,10.0061,2.15095,1
0.188943,14.828,2.15299,1
0.45849,9.42294,2.13815,1
0.594254,6.01627,2.14044,1
0.541316,8.91406,2.15962,1
0.517528,10.0999,2.15082,1
0.510857,6.10003,2.14716,1
0.429206,2.10649,2.14302,1
0.662955,6.17989,2.03978,1
0.639942,4.22357,2.13776,1
0.639942,7.4184,2.15048,1
0.376409,13.546,2.06183,1
0.580774,8.634,2.09502,1
0.621647,5.16952,2.1304,1
0.372247,9.48823,2.15514,1
0.519751,7.06164,2.13337,1
0.557133,7.98669,2.03707,1
0.634329,7.26159,2.02795,1
0.691559,6.20456,2.03329,1
0.557133,5.32449,2.14673,1
0.305814,8.78039,2.14673,1
0.539289,10.0648,2.15879,1
0.499586,10.1713,2.12048,1
0.492879,8.48972,2.0196,1
0.524851,8.9373,2.12744,1
0.435809,9.63456,2.03731,1
0.549106,9.99911,2.03794,1
0.51092,6.18055,2.0554,1
0.651324,4.16476,2.05836,1
0.441121,5.4993,2.12319,1
0.733668,8.49302,2.14641,1
0.435403,9.76595,2.0788,1
0.503969,6.99382,2.13614,1
0.482298,7.26031,2.09333,1
0.593353,5.72588,2.10509,1
0.679319,3.53117,2.06838,1
0.584812,10.0212,2.06701,1
0.304256,11.1952,2.04015,1
0.694088,5.29473,2.03304,1
0.673269,5.79688,2.03707,1
0.584812,6.97375,2.08581,1
0.560588,7.53281,2.089,1
0.392909,7.77847,2.14195,1
0.420809,8.07258,2.13567,1
0.552626,7.14829,2.03667,1
0.599739,5.95316,2.03125,1
0.621035,6.36115,2.03549,1
0.549492,5.45167,2.03655,1
0.473647,5.01197,2.09732,1
0.714011,5.07703,2.1007,1
0.494929,4.53814,2.14956,1
0.44036,3.42697,2.13567,1
0.429305,9.08246,2.07937,1
0.537411,7.81124,2.02674,1
0.633878,9.55009,2.02072,1
0.555492,8.41775,2.05621,1
0.633878,9.97283,2.1587,1
0.611875,5.44956,2.14218,1
0.764078,7.74824,2.05735,1
0.50619,6.66052,2.12418,1
0.54758,9.77444,2.10693,1
0.555189,5.00459,2.15936,1
0.337537,7.32156,2.15468,1
0.628062,4.9166,2.0455,1
0.628062,3.77841,2.04615,1
0.723407,6.32899,2.10512,1
0.71208,4.29998,2.10512,1
0.532481,7.23871,2.15651,1
0.577316,4.37022,2.1257,1
0.524958,11.2382,2.03125,1
0.464996,5.05132,2.0492,1
0.501524,5.89593,2.1547,1
0.376506,6.16904,2.1547,1
0.432317,12.1333,2.10734,1
0.654839,3.06316,2.0759,1
0.335427,7.00011,2.03794,1
0.47306,9.28152,2.02544,1
0.439469,9.83412,2.00741,1
0.527551,6.07704,2.05632,1
0.580154,2.61913,2.02538,1
0.527551,9.97898,2.06017,1
0.335427,9.63443,2.13705,1
0.560691,10.8242,2.15095,1
0.367531,4.3697,2.15581,1
0.527551,4.30878,2.14287,1
0.421428,9.83508,2.12744,1
0.394528,10.3963,2.03011,1
0.72142,3.63185,2.08173,1
0.749993,3.14461,2.06765,1
0.612924,5.20135,2.1529,1
0.496859,6.69768,2.12144,1
0.435362,8.24786,2.03434,1
0.616431,9.60324,2.01232,1
0.558689,10.0581,1.99431,1
0.767614,3.4048,1.99431,1
0.505882,8.30364,2.02587,1
0.540203,6892.16,2.08988,1
0.566625,7.92262,2.16083,1
0.726171,6.67201,2.07686,1
0.297747,4.00196,2.17179,1
0.498767,10.3677,2.15651,1
0.69881,7.63127,2.10386,1
0.58942,8.55134,2.14158,1
0.49404,11.4925,2.02614,1
0.707872,8.67641,2.02288,1
0.601414,6.44983,2.10515,1
0.592677,7.21387,2.05735,1
0.487528,8.41208,2.14747,1
0.313432,9.08941,2.11983,1
0.443988,9.96074,2.14382,1
0.408068,11.7915,2.13069,1
0.361315,10.5835,2.07039,1
0.685707,4.71416,2.03655,1
0.604801,8.44742,2.01095,1
0.660405,3.54976,2.06431,1
0.685707,6.01795,2.04329,1
0.512759,9.40958,2.07381,1
0.753131,4.90803,2.15713,1
0.482863,13.5706,2.02121,1
0.771042,7.14402,2.08748,1
0.595658,11.3954,2.14646,1
0.550589,11.3621,2.04167,1
0.745889,5.69786,2.03661,1
0.469864,8.83397,2.00336,1
0.491564,6.20291,2.15468,1
0.721824,9.01592,2.04488,1
0.358994,3.79622,2.0455,1
0.471936,7.08562,2.05882,1
0.643838,7.10897,2.06812,1
0.658039,13.3057,2.07676,1
0.493837,8.33039,2.14694,1
0.463289,7.24851,2.13719,1
0.469379,11.6269,2.10734,1
0.668367,6.08775,2.14218,1
0.395459,10.4001,2.11405,1
0.542473,8.08862,2.12048,1
0.53449,10.594,2.02674,1
0.67252,6.02782,2.04909,1
0.401735,5.30192,2.12798,1
0.67252,7.6681,2.15527,1
0.555922,6.04763,2.05069,1
0.289427,2.84053,2.13547,1
0.547622,7.10145,2.07884,1
0.482019,8.15211,2.04265,1
0.807039,6.41426,2.0228,1
0.345297,6.42736,2.01321,1
0.665927,6.55105,2.04267,1
0.70316,4.08183,2.06765,1
0.539898,3.22727,2.15468,1
0.655325,5.79838,2.0671,1
0.779835,5.15798,2.04554,1
0.655325,4.6595,2.12168,1
0.524475,7.58439,2.13866,1
0.621699,6.07905,2.16873,1
0.448394,9.67631,2.149,1
0.493038,7.91123,2.04026,1
0.724164,5.96166,2.03661,1
0.753849,4.51106,2.02851,1
0.696198,2.5114,2.11483,1
0.534552,7.833,2.11411,1
0.659333,5.75894,2.1247,1
0.724164,4.91081,2.10002,1
0.52401,9.23887,2.10557,1
0.635005,6.48528,2.12383,1
0.479383,7.95611,2.07569,1
0.741244,4.38967,1.9964,1
0.564319,5.73181,2.06378,1
0.700698,5.02385,2.15468,1
0.464202,7.13462,2.10781,1
0.435924,9.92901,2.11268,1
0.555739,5.8214,2.04586,1
0.689236,6.40932,2.02947,1
0.700506,7.8302,2.03655,1
0.759016,5.02596,1.99406,1
0.716922,6.21968,1.99938,1
0.759016,5.09869,2.02563,1
0.663123,8.61509,2.07259,1
0.628655,6.19573,2.10839,1
0.536778,8.25387,2.16517,1
0.363707,9.44396,2.15562,1
0.451617,9.23616,2.15942,1
0.689236,5.06457,2.1506,1
0.474566,4.6617,2.00424,1
0.764316,4.19687,2.08223,1
0.609327,7.10554,2.13776,1
0.642284,7.94257,2.15323,1
0.550126,7.99483,2.13773,1
0.550126,7.42071,2.15562,1
0.42174,9.25713,2.04148,1
0.403987,8.5849,2.03277,1
0.686614,9.23463,2.03707,1
0.697906,7.94061,2.0492,1
0.686614,5.95411,2.05069,1
0.552976,11.6857,2.0554,1
0.572966,7.47913,2.07519,1
0.726344,5.35192,2.08791,1
0.42174,7.68551,2.06028,1
0.328506,4.74742,2.14206,1
0.635763,4.75314,2.12462,1
0.43501,9.69608,2.12114,1
0.584749,10.7214,2.04148,1
0.702439,7.78491,2.02261,1
0.398397,5.18542,2.04909,1
0.593639,12.7161,2.1466,1
0.679571,2.50775,2.0096,1
0.748797,4.54262,2.02121,1
0.61952,20.0853,2.07235,1
0.555372,8.52248,2.146,1
0.46493,5.41934,2.12863,1
0.528537,9.02836,2.14287,1
0.761732,5.32282,2.12123,1
0.437931,5.82144,2.03022,1
0.352686,8.83287,1.99796,1
0.63296,5.00503,2.09114,1
0.489241,7.31541,2.04802,1
0.496073,7.34162,2.13776,1
0.558278,4.75035,2.13281,1
0.578721,7.44208,2.13069,1
0.695197,3.10581,2.12327,1
0.541633,10.2189,2.03707,1
0.44554,3.75466,2.03434,1
0.525633,9.76445,2.07655,1
0.772406,6.37444,2.02614,1
0.572692,9.45668,2.02991,1
0.759096,6.03463,2.03547,1
0.581399,9.31478,2.0096,1
0.759096,3.65808,2.02159,1
0.759096,3.65808,2.02493,1
0.661388,7.31275,2.06423,1
0.841871,3.6301,2.06,1
0.468386,8.15493,2.13821,1
0.63633,4.04282,2.12114,1
0.811981,4.64097,2.03281,1
0.703995,4.06764,2.04861,1
0.665487,6.25001,1.9996,1
0.640133,19.5712,2.09953,1
0.640133,3.47791,2.07056,1
0.676432,6.70858,2.11319,1
0.692069,4.35344,2.03731,1
0.680714,3.41745,2.00981,1
0.751106,6.21355,2.00741,1
0.751106,4.52168,2.00812,1
0.654426,7.73056,2.09155,1
0.596905,6.36088,2.14172,1
0.527672,6.65025,2.15084,1
0.720682,5.31796,2.10558,1
0.42261,8.96644,2.02462,1
0.669274,6.23778,1.9996,1
0.769681,4.5646,2.01888,1
0.725519,10.0004,2.05764,1
0.725519,9.0529,2.05293,1
0.669274,4.08868,2.09682,1
0.609681,7.57025,2.08467,1
0.658445,7.5974,2.10191,1
0.725519,3.05388,2.10551,1
0.487945,6.48682,2.07709,1
0.609681,6.14872,2.15787,1
0.654036,7.14406,2.14716,1
0.61318,5.44533,2.04488,1
0.70108,13.1973,2.01877,1
0.560636,9.49228,2.01744,1
0.532934,14.2946,2.09146,1
0.424246,7.36088,2.13866,1
0.761449,6.6393,2.07867,1
0.466831,9.89643,2.03823,1
0.551742,6.12641,2.03476,1
0.59384,7.28533,2.07238,1
0.689096,5.20758,2.09783,1
0.761449,5.75864,2.10891,1
0.677724,5.43199,2.08057,1
0.551742,2.60304,2.06057,1
0.400113,5.84593,2.10143,1
0.794796,3.62733,2.14869,1
0.563596,10.1744,2.14729,1
0.554607,7.881,2.03823,1
0.491788,7.38225,2.04138,1
0.748014,6.41739,2.04562,1
0.780564,4.04265,2.03841,1
0.766828,6.37295,2.02587,1
0.766828,4.57081,2.04049,1
0.735125,4.70339,2.10871,1
0.459824,5.24826,2.06415,1
0.705348,4.49978,2.11479,1
0.654958,5.10826,2.03621,1
0.40824,14.9601,2.07774,1
0.501152,8.70752,2.10008,1
0.619812,8.73576,2.13815,1
0.727134,10.8112,2.07719,1
0.486442,8.46715,2.07712,1
0.428544,5.30823,2.04663,1
0.623429,8.44325,2.11018,1
0.556919,10.2206,2.15599,1
0.609538,5.5296,2.12462,1
0.529201,8.41817,2.11188,1
0.577855,6.93755,2.12124,1
0.744986,6.51024,2.0773,1
0.714371,7.29346,2.03707,1
0.685605,7.13566,2.03281,1
0.559838,6.21893,2.01179,1
0.777612,4.41563,2.07676,1
0.513275,6.27027,2.11411,1
0.674196,6.115,2.15817,1
0.6478,7.2127,2.14517,1
0.613038,9.13923,2.14482,1
0.690014,3.03767,2.05555,1
0.5934,10.2874,2.03277,1
0.474359,4.88496,2.03199,1
0.690014,6.85359,2.03525,1
0.690014,5.96265,2.00901,1
0.719144,7.37826,2.09953,1
0.651748,12.8609,2.13589,1
0.606264,10.9632,2.07052,1
0.515086,7.88014,2.04285,1
0.736754,6.30715,2.02741,1
0.630276,6.01235,2.00424,1
0.706477,3.34344,2.14206,1
0.507604,5.18387,2.13632,1
0.497297,9.15101,2.14382,1
0.445541,9.27317,2.15691,1
0.666747,7.50055,2.15062,1
0.46707,6.76995,2.14517,1
0.640642,4.71088,2.13719,1
0.583598,7.33477,2.1257,1
0.317899,7.62564,2.07052,1
0.741823,5.06222,2.04026,1
0.475751,9.05431,2.03707,1
0.629748,8.2827,2.0096,1
0.655257,7.50456,2.03399,1
0.741823,4.216,2.04784,1
0.741823,11.1148,2.06431,1
0.586807,6.93353,2.05615,1
0.536522,13.7151,2.1035,1
0.623234,16.5497,2.07783,1
0.698584,7.99464,2.05621,1
0.577077,4.3849,2.16046,1
0.728522,4.78752,2.13547,1
0.728147,3.12828,2.03156,1
0.703163,7.23738,2.05617,1
0.346595,9.16134,2.15393,1
0.530494,4.32195,2.14366,1
0.433873,8.20386,2.13569,1
0.602274,9.63927,2.03655,1
0.378485,9.59823,2.13485,1
0.479243,8.27497,2.1629,1
0.544029,9.30256,2.03841,1
0.821285,3.66447,2.05293,1
0.32183,8.98021,2.10891,1
0.738142,5.4325,2.05566,1
0.505939,4.52038,2.14646,1
0.505939,5.32345,2.14287,1
0.449566,11.1198,2.13821,1
0.605692,11.1138,2.10967,1
0.671202,8.79716,2.07754,1
0.619168,7.39928,2.04586,1
0.576716,5.67393,2.04853,1
0.712058,5.77286,2.07259,1
0.712058,5.09702,2.04907,1
0.473766,6.21262,2.15512,1
0.682796,8.03514,2.15691,1
0.515953,8.58593,2.15747,1
0.671202,4.26656,2.11405,1
0.633169,6.89377,2.07493,1
0.659347,8.08673,2.03031,1
0.489843,6.11376,2.03978,1
0.546104,6.41695,2.03507,1
0.392313,4.02525,2.01365,1
0.716818,3.76256,2.05619,1
0.444399,10.6124,2.05354,1
0.500124,10.0045,2.07676,1
0.762115,4.88487,2.12229,1
0.373388,11.1326,2.12383,1
0.526319,9.03112,2.11068,1
0.602107,8.27416,2.08855,1
0.61201,9.39503,2.10003,1
0.38147,8.44205,2.06838,1
0.73465,4.11779,2.08241,1
0.509988,3.8753,2.07608,1
0.566335,8.2206,2.12882,1
0.400288,4.82807,2.07269,1
0.512409,4.81749,2.07562,1
0.708483,9.64856,2.0554,1
0.615539,6.36759,2.10839,1
0.640772,4.90142,2.05724,1
0.47715,5.91689,2.13485,1
0.856529,4.90909,2.13242,1
0.41114,9.05061,2.15139,1
0.439231,7.44166,2.1603,1
0.591768,6.91404,2.1402,1
0.47715,9.8094,2.144,1
0.539012,6.83355,2.03199,1
0.683535,7.30304,2.08347,1
0.581625,9.62447,2.15416,1
0.462812,3.82642,2.1344,1
0.550995,8.72794,2.15527,1
0.726057,4.90757,2.11413,1
0.407115,10.9571,2.111,1
0.449024,7.35504,2.02752,1
0.671201,6.05623,2.0321,1
0.488493,8.36675,2.01877,1
0.655071,6.54331,2.02874,1
0.533404,3.41036,2.10327,1
0.744391,5.14624,2.07867,1
0.506381,5.7647,2.11605,1
0.395579,11.6639,2.11371,1
0.41984,3.62663,2.15095,1
0.671201,3.99004,2.15416,1
0.597694,7.91449,2.04026,1
0.659116,4.55321,2.02851,1
0.647923,7.53938,2.089,1
0.647923,8.27549,2.10621,1
0.622049,6.3645,2.07974,1
0.435758,5.28811,2.06765,1
0.64337,8.24742,2.10693,1
0.730516,4.90408,2.1336,1
0.622049,5.72271,2.15048,1
0.716932,6.2369,2.06342,1
0.527054,8.622,2.03779,1
0.500352,5.57624,2.03707,1
0.674839,7.39486,2.04861,1
0.735529,4.57967,2.05239,1
0.428897,9.1812,2.05632,1
0.443678,6.35455,2.04296,1
0.704204,7.09618,2.08467,1
0.691812,11.7716,2.09732,1
0.601056,6.44812,2.13722,1
0.396115,6.15556,2.1344,1
0.507959,7.85842,2.14729,1
0.53528,10.4231,2.15747,1
0.768992,5.70728,2.08656,1
0.614599,6.38584,2.02072,1
0.708872,6.17758,2.04049,1
0.679131,4.10474,2.0275,1
0.51035,9.6875,2.10871,1
0.580981,18.9841,2.15783,1
0.341835,9.03607,2.1304,1
0.651222,6.28878,2.14694,1
0.558846,8.96302,2.12462,1
0.558846,4.74943,2.15747,1
0.759727,5.89315,2.03359,1
0.65522,7.52739,2.04138,1
0.65522,5.58953,2.07505,1
0.570882,6.22176,2.06838,1
0.618156,9.64153,2.07867,1
0.580217,10.89,2.12229,1
0.453704,11.6544,2.14296,1
0.65522,5.9979,2.14142,1
0.69572,6.31037,2.14481,1
0.745242,1.82712,1.9996,1
0.670899,5.01028,2.1083,1
0.632404,4.28636,2.09309,1
0.573938,5.29742,2.08342,1
0.670899,7.78695,2.04802,1
0.583378,5.34619,2.14242,1
0.405716,7.05346,2.15817,1
0.794677,4.21046,2.14302,1
0.607149,7.88474,2.144,1
0.552073,6.30126,2.08858,1
0.731068,5.48451,2.06382,1
0.621013,6.58669,2.03359,1
0.610618,13.1658,2.03125,1
0.464169,14.3346,2.02855,1
0.750462,5.53027,2.03399,1
0.522382,8.38329,2.08329,1
0.717806,6.52787,2.07458,1
0.610618,4.72789,2.08102,1
0.586573,7.81824,2.0655,1
0.432987,6.34395,2.12623,1
0.471047,9.87052,2.14167,1
0.621013,4.56997,2.14045,1
0.675142,21.5609,2.16046,1
0.56392,7.08838,2.15816,1
0.750462,7.65863,2.15512,1
0.764644,5.55941,2.14366,1
0.56392,4.95137,2.13547,1
0.45656,5.63427,2.06382,1
0.516801,19.4399,2.03904,1
0.691688,5.58441,2.00741,1
0.691688,7.17324,1.99796,1
0.691688,5.4879,2.09923,1
0.691688,9.70567,2.07974,1
0.691688,3.37614,2.10346,1
0.524912,5.31632,2.1652,1
0.323735,8.29247,2.15299,1
0.37556,4.78967,2.14366,1
0.736098,6.87349,2.08803,1
0.678751,4.69188,2.02961,1
0.741197,6.39299,2.04276,1
0.639239,10.3378,2.00632,1
0.639239,5.95744,2.06183,1
0.613346,9.81504,2.1197,1
0.741197,4.09362,2.16106,1
0.508004,6.33363,2.15608,1
0.381797,12.7071,2.11068,1
0.722043,5.06668,2.1257,1
0.654435,2.84154,2.00812,1
0.81223,4.31069,2.06012,1
0.569062,7.55136,2.11807,1
0.726954,3.9281,2.16083,1
0.4742,4.45966,2.15135,1
0.713017,6.69116,2.03667,1
0.631249,7.8791,2.02545,1
0.731932,8.48112,2.05425,1
0.700082,5.64105,2.10003,1
0.745764,5.45712,2.05855,1
0.78082,6.58988,2.12623,1
0.549997,10.6048,2.1364,1
0.670267,5.55157,2.14171,1
0.616078,8.26108,2.15095,1
0.57209,12.7607,2.10666,1
0.751,5.44301,2.02958,1
0.619648,6.98848,2.03661,1
0.378207,5.66917,2.02072,1
0.674503,12.817,2.01249,1
0.751,4.73419,2.02794,1
0.646203,4.48676,2.11061,1
0.674503,6.75924,2.09155,1
0.674503,4.11973,2.07938,1
0.674503,7.10021,2.05621,1
0.71781,5.8588,2.12168,1
0.71781,6.22954,2.12882,1
0.315692,6.17945,2.14753,1
0.5848,11.7399,2.15082,1
0.802013,3.14521,2.10861,1
0.674503,7.58072,2.08719,1
0.650137,10.3687,2.02855,1
0.785991,3.72747,2.02874,1
0.785991,4.24895,2.04138,1
0.770936,3.46746,2.02563,1
0.722667,9.24955,2.05354,1
0.824208,2.7204,2.07966,1
0.736324,6.36732,2.08413,1
0.661782,5.57191,2.14747,1
0.770936,4.78752,2.11411,1
0.51428,9.19577,2.15816,1
0.703992,6.25164,2.1402,1
0.66591,5.06168,2.06842,1
0.741433,6.40208,2.06842,1
0.524977,8.44388,2.07646,1
0.741433,7.66644,2.04663,1
0.66591,7.07044,2.06312,1
0.66591,6.34879,2.06945,1
0.695726,21.5028,2.0554,1
0.807521,4.33913,2.13629,1
0.708666,3.7584,2.12123,1
0.713402,3.36418,2.06976,1
0.797688,4.70848,2.03667,1
0.726884,3.72962,2.05084,1
0.557606,15.2958,2.15409,1
0.36748,6.84031,2.1402,1
0.745924,5.99702,2.07542,1
0.686749,7.04356,2.04488,1
0.669275,6.90322,2.03729,1
0.569901,7.66268,2.03031,1
0.657318,7.37811,2.04615,1
0.491122,7.09284,2.01095,1
0.657318,9.06975,2.1083,1
0.686749,7.04356,2.08868,1
0.686749,3.11892,2.06407,1
0.766507,17.7442,2.05682,1
0.518203,10.3774,2.05724,1
0.295148,6.76254,2.13212,1
0.456305,6.65636,2.14205,1
0.731866,5.33483,2.1336,1
0.699522,5.24924,2.15416,1
0.644813,6.13603,2.04204,1
0.582679,8.80833,2.03304,1
0.685941,6.89158,2.03478,1
0.40626,6.34404,2.02614,1
0.550365,9.07209,2.0288,1
0.568957,4.03325,2.02674,1
0.751169,5.34039,2.04285,1
0.607277,6.86622,2.0333,1
0.501093,7.42879,2.06057,1
0.717444,5.04045,2.12501,1
0.644813,7.0545,2.1498,1
0.582679,7.23166,2.15651,1
0.458154,5.41082,2.15512,1
0.529111,8.82153,2.15168,1
0.346696,2.45004,2.08979,1
0.511429,4.96565,2.03862,1
0.531685,10.8259,2.04026,1
0.660526,5.98459,2.03978,1
0.648726,5.04391,2.02544,1
0.610733,6.50111,2.00901,1
0.722299,7.422,2.09355,1
0.677772,8.57689,2.08945,1
0.648726,12.5327,2.08872,1
0.428202,6.51861,2.14753,1
0.690377,4.49327,2.17261,1
0.771363,4.97594,2.09999,1
0.722299,7.10455,2.14044,1
0.676915,6.59205,2.04554,1
0.741285,3.39132,2.02623,1
0.625132,10.783,2.02674,1
0.694872,12.0881,2.04296,1
0.694872,11.2266,2.05888,1
0.694872,12.5499,2.02538,1
0.575012,7.48981,2.06977,1
0.599287,5.71318,2.04802,1
0.543123,8.97028,2.14747,1
0.708004,5.89533,2.13085,1
0.502366,7.77845,2.13482,1
0.664635,5.9417,2.15562,1
0.575012,9.81178,2.15062,1
0.485788,8.66348,2.02752,1
0.651777,4.40187,2.02493,1
0.555001,8.9409,2.02794,1
0.712732,7.48361,2.0668,1
0.578087,6.37533,2.1039,1
0.712732,5.39228,2.08504,1
0.712732,5.19951,2.04943,1
0.640133,6.43005,2.07056,1
0.663742,5.8902,2.06407,1
0.668795,10.238,2.05546,1
0.761146,7.28806,2.12623,1
0.681233,6.29949,2.13907,1
0.578087,7.95568,2.1587,1
0.712732,6.09249,2.15596,1
0.761146,5.6928,2.13337,1
0.504655,6.13456,2.13917,1
0.651777,6.18723,2.09999,1
0.698564,7.47682,2.03978,1
0.364848,6.43227,2.02643,1
0.337572,8.94109,2.03549,1
0.591296,15.6534,2.03434,1
0.515187,8.86648,2.08023,1
0.698564,3.73689,2.05735,1
0.627845,3.31933,2.13085,1
0.506964,5.34549,2.16083,1
0.535881,6.19121,2.15262,1
0.781941,5.38757,2.1035,1
0.409441,7.2615,2.11028,1
0.672089,9.43273,2.06857,1
0.631541,8.97186,2.07735,1
0.703165,7.49328,2.03304,1
0.672089,6.6196,2.03731,1
0.58018,7.10393,2.03779,1
0.684707,6.59464,2.04285,1
0.75093,6.13408,2.02462,1
0.534838,8.52616,2.02795,1
0.643029,6.24042,2.0288,1
0.631541,6.87379,2.04853,1
0.703165,8.06855,2.11018,1
0.703165,5.99553,2.07964,1
0.58018,8.19506,2.14223,1
0.58018,5.92434,2.16106,1
0.58018,9.37495,2.15577,1
0.631541,6.67173,2.1529,1
0.547552,7.96724,2.08703,1
0.721517,4.60931,2.04061,1
0.52864,10.2271,2.04061,1
0.34839,6.91593,2.02958,1
0.61936,8.00954,2.01888,1
0.583306,9.16964,2.08013,1
0.721517,7.73185,2.10871,1
0.721517,3.9495,2.08828,1
0.809815,3.46196,2.09309,1
0.61936,6.3856,2.05724,1
0.540102,13.4844,2.02989,1
0.572286,7.40159,2.03823,1
0.622948,7.89963,2.0505,1
0.693599,3.96713,2.09,1
0.693599,5.69252,2.04791,1
0.776986,5.29968,2.06617,1
0.776986,5.06613,2.05992,1
0.596812,6.18408,2.05992,1
0.740713,5.84687,2.12868,1
0.662945,3.72253,2.14729,1
0.711633,8.50315,2.07569,1
0.638049,2.53744,2.07772,1
0.679684,5.12554,2.03731,1
0.798721,6.86332,2.03841,1
0.521398,8.61211,2.07238,1
0.74589,7.83315,2.05609,1
0.74589,4.14995,2.06278,1
0.649839,7.47151,2.12427,1
0.585402,7.03673,2.13632,1
0.610876,3.63254,2.15962,1
0.457204,8.88797,2.15922,1
0.575315,9.3213,2.14844,1
0.679684,5.79376,2.15484,1
0.74589,9.95288,2.14694,1
0.610876,6.46486,2.14482,1
0.667077,11.4566,2.10386,1
0.711633,3.22951,2.1396,1
0.521398,8.48826,2.13575,1
0.684032,4.8123,2.0288,1
0.625531,6.65382,2.03661,1
0.684032,9.51193,2.08241,1
0.58858,5.62841,2.06746,1
0.614356,7.19896,2.06398,1
0.58858,3.31293,2.13722,1
0.716408,16.9236,2.11605,1
0.684032,6.45146,2.15484,1
0.73553,8.87172,2.0275,1
0.70175,7.41806,2.08329,1
0.70175,5.04244,2.08988,1
0.70175,2.46217,2.13468,1
0.73553,7.63817,2.14366,1
0.602392,8.03044,2.14729,1
0.787628,3.69261,2.11028,1
0.580348,9.36161,2.07493,1
0.644657,6.77757,2.06342,1
0.706389,6.53477,2.03107,1
0.720279,5.97367,2.03978,1
0.644657,3.95907,2.03978,1
0.570287,11.689,2.03707,1
0.755552,5.99768,2.01321,1
0.496474,6.31309,1.9996,1
0.674465,12.7549,2.08828,1
0.50464,7.84829,2.16873,1
0.644657,5.94865,2.15135,1
0.399844,7.64396,2.10134,1
0.691866,6.05591,2.03675,1
0.739674,5.6777,2.03156,1
0.620326,8.8938,2.03507,1
0.776535,6.25811,2.04229,1
0.620326,9.10091,2.04853,1
0.725171,5.46879,2.06278,1
0.754617,6.45703,2.13776,1
0.559334,4.25403,2.12501,1
0.776535,4.45666,2.151,1
0.536678,8.31503,2.16626,1
0.444504,6.71043,2.15468,1
0.725171,5.46879,2.12123,1
0.798543,4.85994,2.03707,1
0.274708,5.05531,2.03525,1
0.664898,5.58583,2.07546,1
0.744835,7.75887,2.08748,1
0.710063,6.05998,2.07037,1
0.759991,4.48936,2.13777,1
0.597171,7.73496,2.13776,1
0.608034,8.20139,2.11411,1
0.539289,10.5015,2.13797,1
0.804561,5.38476,2.02927,1
0.496281,5.86325,2.04861,1
0.499673,6.21836,2.00812,1
0.6953,5.5735,2.08179,1
0.499673,11.1455,2.17261,1
0.585423,5.04112,2.10674,1
0.611464,8.08555,2.11451,1
0.626369,7.00003,2.03924,1
0.563884,7.99191,2.03978,1
0.749055,5.77717,2.02958,1
0.614932,7.41282,2.01365,1
0.787053,5.97514,2.08734,1
0.787053,5.3007,2.08401,1
0.686349,9.84472,2.06415,1
0.655331,7.01747,2.14506,1
0.734118,3.13037,2.12501,1
0.713745,6.72187,2.14581,1
0.787053,5.53751,2.17664,1
0.471495,7.29839,2.15048,1
0.55288,7.33463,2.04488,1
0.7929,6.39233,2.03177,1
0.630017,8.70791,2.03978,1
0.543353,5.73623,2.00741,1
0.704451,11.5139,2.04159,1
0.672098,3.36435,2.0852,1
0.754348,5.69733,2.08561,1
0.602602,27.6856,2.14581,1
0.7929,2.33463,2.15393,1
0.641924,6.37619,2.14869,1
0.630017,12.7533,2.13407,1
0.645764,7.19734,2.0685,1
0.815929,4.00937,2.03359,1
0.759716,7.65107,2.03904,1
0.658168,5.35798,2.02545,1
0.590537,5.42587,2.03707,1
0.617225,13.5961,2.01095,1
0.723401,7.20242,2.02794,1
0.723401,7.20242,2.08846,1
0.457238,8.32338,2.06838,1
0.67633,11.8453,2.05788,1
0.579986,10.2456,2.12826,1
0.689629,3.58707,2.16873,1
0.723401,5.75505,2.17179,1
0.723401,5.32021,2.13567,1
0.558451,10.6193,2.07282,1
0.743255,4.46925,2.03731,1
0.707974,6.47553,2.03301,1
0.797832,4.88006,2.02739,1
0.743255,4.53793,2.04784,1
0.694092,9.06406,2.06977,1
0.662214,5.62865,2.10008,1
0.694092,7.96539,2.10576,1
0.694092,7.96539,2.07608,1
0.797832,3.85559,2.06862,1
0.78124,7.97237,2.11371,1
0.578728,4.95134,2.1304,1
0.632484,4.98788,2.15409,1
0.803841,4.22797,2.03707,1
0.608081,6.25723,2.02072,1
0.712684,7.93676,2.07754,1
0.66631,14.3664,2.08748,1
0.712684,6.07085,2.08397,1
0.66631,14.3664,2.06689,1
0.712684,7.93676,2.06488,1
0.712684,7.93676,2.06305,1
0.450464,6.57637,2.14817,1
0.712684,4.15792,2.17509,1
0.636197,22.4897,2.1529,1
0.748461,9.96935,2.15553,1
0.450464,7.3249,2.15139,1
0.679412,6.57971,2.11268,1
0.76958,3.8626,2.07655,1
0.827596,4.30739,2.02741,1
0.683732,19.1864,2.0424,1
0.732161,4.47417,2.10327,1
0.697407,4.15525,2.09146,1
0.683732,8.60396,2.08292,1
0.584879,7.07182,2.12427,1
0.611487,15.2251,2.11483,1
0.669196,6.21718,2.03125,1
0.669196,9.50706,2.02855,1
0.752584,5.13401,2.03507,1
0.588001,11.3121,2.03077,1
0.701967,7.04347,2.09355,1
0.701967,4.88078,2.07458,1
0.701967,8.49016,2.06375,1
0.62663,6.06893,2.0599,1
0.539188,6.66638,2.1304,1
0.701967,5.8802,2.15577,1
0.62663,5.18682,2.1529,1
0.44369,7.54621,2.149,1
0.791753,5.14594,2.11705,1
0.44369,7.18662,2.11268,1
0.508251,6.29863,2.11479,1
0.598937,5.73511,2.11115,1
0.642447,4.5881,2.07273,1
0.642447,6.16968,2.03277,1
0.642447,8.85644,2.03707,1
0.774016,5.0489,2.03281,1
0.5069,2.94558,2.05882,1
0.519382,6.38541,2.08791,1
0.576017,7.64632,2.08748,1
0.757919,10.3053,2.10551,1
0.757919,4.52825,2.10515,1
0.673373,11.6555,2.0821,1
0.602222,6.49208,2.06812,1
0.673373,9.47151,2.07037,1
0.642447,4.09305,2.1426,1
0.519382,7.30504,2.13874,1
0.391842,7.10643,2.1336,1
0.815056,5.14881,2.11807,1
0.774016,5.1975,2.15368,1
0.721068,6.3801,2.15848,1
0.412753,6.03378,2.15577,1
0.576017,6.96403,2.13567,1
0.69125,14.6658,2.07805,1
0.658979,5.98244,2.02545,1
0.554209,13.7717,2.0505,1
0.725951,6.02468,2.08179,1
0.725951,6.02468,2.07964,1
0.725951,6.02468,2.08102,1
0.725951,6.02468,2.06812,1
0.658979,7.40361,2.16135,1
0.741094,4.92345,2.14956,1
0.779666,2.21957,2.14861,1
0.709975,5.26892,2.07103,1
0.709975,7.88085,2.03904,1
0.709975,6.61798,2.04339,1
0.632563,8.37814,2.02097,1
0.709975,5.12316,2.02097,1
0.567155,6.30228,2.08467,1
0.746259,12.5806,2.10515,1
0.663013,10.8671,2.06423,1
0.663013,10.0347,2.06259,1
0.663013,10.0347,2.06215,1
0.746259,9.86615,2.05724,1
0.746259,7.16929,2.14581,1
0.746259,5.83266,2.15962,1
0.663013,10.2097,2.1652,1
0.802517,5.412,2.14482,1
0.767578,5.96832,2.07569,1
0.680533,7.49167,2.03525,1
0.570047,14.8072,2.00901,1
0.522725,7.12465,2.00812,1
0.714696,7.66581,2.0788,1
0.636251,6.91211,2.08406,1
0.680533,8.64174,2.07701,1
0.714696,7.66581,2.08057,1
0.680533,8.596,2.06017,1
0.680533,9.0618,2.15817,1
0.680533,8.65853,2.15691,1
0.729604,4.40283,2.13719,1
0.607497,7.48617,2.10557,1
0.622679,8.4486,2.03258,1
0.698881,5.47699,2.0321,1
0.789978,3.75727,2.07774,1
0.734599,5.83356,2.09545,1
0.734599,6.48678,2.09682,1
0.734599,6.93358,2.09195,1
0.698881,5.8184,2.08945,1
0.734599,3.32329,2.08598,1
0.734599,5.94351,2.08467,1
0.734599,6.48678,2.06862,1
0.379786,6.73947,2.14206,1
0.456223,6.07929,2.13443,1
0.525111,11.5964,2.14581,1
0.734599,3.16287,2.15599,1
0.652654,6.95856,2.13547,1
0.734599,6.4994,2.13117,1
0.665707,6.69057,2.14403,1
0.622679,8.36523,2.144,1
0.638546,6.29153,2.03675,1
0.571505,5.24685,2.02947,1
0.75549,4.44452,2.0455,1
0.718114,6.05738,2.04562,1
0.771831,5.18193,2.04853,1
0.626231,8.1207,2.05239,1
0.609415,4.76479,2.02072,1
0.718114,5.25655,2.01321,1
0.703441,9.48035,2.05452,1
0.75549,4.90479,2.10509,1
0.75549,4.90479,2.08223,1
0.669816,7.50725,2.08863,1
0.703441,4.1467,2.08791,1
0.703441,9.48035,2.08581,1
0.703441,9.48035,2.08111,1
0.609415,7.5509,2.06397,1
0.571505,4.71121,2.16106,1
0.718114,6.3186,2.15942,1
0.49541,5.27219,2.03675,1
0.65514,5.97986,2.03304,1
0.777438,4.18404,2.03525,1
0.738292,5.86817,2.0554,1
0.722939,6.6599,2.10555,1
0.722939,6.6599,2.09953,1
0.722939,6.94846,2.09279,1
0.687788,4.42865,2.09146,1
0.722939,6.87681,2.07966,1
0.722939,4.56242,2.08401,1
0.722939,6.6599,2.06617,1
0.343045,3.52641,2.13777,1
0.687788,7.16229,2.14195,1
0.315968,4.66167,2.14481,1
0.612795,15.5583,2.15168,1
0.687788,6.19795,2.11319,1
0.687788,4.93602,2.1402,1
0.574427,51.1046,2.14044,1
0.56236,8.77351,2.03675,1
0.743402,6.06912,2.03956,1
0.800521,2.56646,2.03661,1
0.616211,9.45575,2.02072,1
0.743402,8.08772,2.0962,1
0.783128,5.05604,2.09783,1
0.588363,7.75008,2.08223,1
0.743402,4.33374,2.08023,1
0.552092,19.5479,2.07505,1
0.743402,5.78743,2.10976,1
0.743402,5.78743,2.08988,1
0.743402,5.71255,2.08025,1
0.659099,4.76094,2.08581,1
0.692185,11.6695,2.08236,1
0.616211,5.10635,2.05958,1
0.759482,5.67218,2.14206,1
0.394823,7.86543,2.14956,1
0.588363,4.62953,2.14861,1
0.743402,5.75483,2.10104,1
0.493915,6.83008,2.14158,1
0.602912,4.82579,2.04488,1
0.44174,7.18785,2.03675,1
0.44174,7.30517,2.0305,1
0.711278,8.14206,2.04554,1
0.726384,5.07166,2.03294,1
0.54057,10.2757,2.04061,1
0.676694,6.93873,2.03156,1
0.602912,4.9826,2.04229,1
0.726384,5.38443,2.04861,1
0.349559,7.20906,2.02739,1
0.711278,7.24292,2.01179,1
0.631934,4.33097,2.0275,1
0.676694,2.1608,2.07774,1
0.711278,7.52834,2.07458,1
0.711278,7.52834,2.09783,1
0.711278,7.52834,2.10082,1
0.711278,6.42326,2.06746,1
0.575843,7.07686,2.12826,1
0.676694,5.49407,2.13722,1
0.764899,4.18493,2.10346,1
0.337512,8.06764,2.1137,1
0.770394,7.41921,2.02752,1
0.695134,6.07025,2.03022,1
0.787504,3.27808,2.03717,1
0.731314,5.9209,2.03547,1
0.498029,8.37481,2.03956,1
0.648382,6.41072,2.0455,1
0.731314,4.72594,2.08846,1
0.731314,6.30792,2.1017,1
0.68093,14.7047,2.06379,1
0.731314,4.37815,2.10666,1
0.770394,7.234,2.12013,1
0.449177,4.23259,2.05555,1
0.665601,3.88526,2.03478,1
0.75236,6.6295,2.02544,1
0.793338,3.54374,2.03525,1
0.793338,4.84123,1.99796,1
0.531708,6.73334,2.07381,1
0.699618,9.47782,2.10008,1
0.699618,8.36728,2.10145,1
0.699618,7.26214,2.10512,1
0.699618,8.90174,2.08904,1
0.699618,8.21986,2.07302,1
0.699618,9.47782,2.08413,1
0.699618,9.47782,2.05937,1
0.593028,16.4354,2.06028,1
0.699618,5.44933,2.0825,1
0.793338,4.18504,2.13866,1
0.531708,7.24027,2.15721,1
0.479429,4.10474,2.14711,1
0.714476,6.0266,2.14492,1
0.544072,6.65373,2.03258,1
0.637665,9.01649,2.04615,1
0.683645,5.53911,2.05764,1
0.511247,9.79385,2.05888,1
0.719226,11.01,2.02288,1
0.719226,6.8064,2.07131,1
0.637665,6.40108,2.1007,1
0.544072,7.03687,2.15512,1
0.569229,9.84107,2.15168,1
0.511247,6.62695,2.10675,1
0.607895,9.28018,2.12208,1
0.489797,5.86483,2.13972,1
0.546633,5.27914,2.06857,1
0.687958,4.57218,2.0773,1
0.471439,10.4526,2.07767,1
0.756124,5.58355,2.05555,1
0.556963,6.68742,2.03658,1
0.654508,5.43879,2.03476,1
0.842969,2.37907,2.03026,1
0.668061,3.80824,2.04853,1
0.654508,5.44462,2.0228,1
0.687958,9.10318,2.09617,1
0.687958,10.9033,2.09845,1
0.687958,6.96295,2.08342,1
0.687958,9.10318,2.04943,1
0.73982,4.05214,2.11977,1
0.583144,7.11921,2.14481,1
0.780116,2.6454,2.16106,1
0.654508,7.38632,2.15816,1
0.611215,8.7834,2.149,1
0.471439,7.22597,2.12462,1
0.797777,4.71569,2.13821,1
0.559662,5.26085,2.04454,1
0.325049,10.2543,2.0305,1
0.707139,7.28768,2.1039,1
0.707139,6.95966,2.10327,1
0.707139,7.27287,2.09146,1
0.65842,5.15672,2.08598,1
0.707139,5.16628,2.08765,1
0.707139,7.28768,2.08561,1
0.707139,4.29338,2.05992,1
0.744926,5.51332,2.07676,1
0.626948,5.38498,2.08347,1
0.672155,7.77873,2.15651,1
0.707139,6.87618,2.1548,1
0.80376,3.0194,2.12937,1
0.707139,3.88221,2.13575,1
0.766894,5.16625,2.06793,1
0.766894,7.73747,2.0305,1
0.537368,11.7379,2.03717,1
0.676297,4.34261,2.04049,1
0.676297,10.1185,2.06378,1
0.676297,4.53332,2.0717,1
0.828682,1.14994,2.05735,1
0.638014,7.48304,2.14219,1
0.643414,3.92521,2.15849,1
0.79002,4.16013,2.06976,1
0.79002,4.83563,2.04488,1
0.688963,3.2518,2.03731,1
0.695051,4.73584,2.03823,1
0.647165,7.66238,2.02623,1
0.369144,6.10529,2.02614,1
0.453882,6.38644,2.02927,1
0.550095,11.6844,2.01232,1
0.695051,2.70017,2.01095,1
0.748454,4.02488,2.09279,1
0.748454,5.19005,2.05836,1
0.79002,2.23287,2.13614,1
0.695051,5.36798,2.12826,1
0.748454,4.89938,2.14382,1
0.808258,4.53952,2.15082,1
0.79002,6.80597,2.15484,1
0.79002,5.71951,2.13117,1
0.576133,17.3108,2.1257,1
0.753671,4.77521,2.04015,1
0.714742,4.95863,2.03862,1
0.632321,6.12743,2.03933,1
0.753671,6.80979,2.03125,1
0.632321,5.733,2.03717,1
0.455458,10.0637,2.03525,1
0.590496,8.04185,2.00812,1
0.714742,6.85597,2.02288,1
0.664637,6.6056,2.08037,1
0.753671,6.01596,2.0717,1
0.714742,6.35444,2.05615,1
0.753671,6.44453,2.13776,1
0.814394,3.90588,2.14206,1
0.770734,4.91064,2.13815,1
0.538083,6.81132,2.10134,1
0.649175,7.63559,2.04217,1
0.719459,9.16458,2.03924,1
0.84011,2.11215,2.05239,1
0.566113,11.0269,2.05239,1
0.63591,8.04984,2.05764,1
0.719459,9.16458,2.07774,1
0.540529,5.47832,2.10839,1
0.566113,7.40151,2.14172,1
0.51664,7.18994,2.16669,1
0.374244,6.69205,2.14956,1
0.666845,6.77329,2.07373,1
0.818948,4.82938,2.06382,1
0.757212,4.81523,2.03277,1
0.652977,8.09615,2.02958,1
0.580136,10.0984,2.0349,1
0.800106,3.7746,2.0424,1
0.518838,12.4606,2.03555,1
0.800106,4.25531,2.01321,1
0.652977,12.6207,2.06012,1
0.740449,4.63627,2.09317,1
0.740449,4.63627,2.08013,1
0.652977,5.27183,2.06028,1
0.580136,6.60492,2.13874,1
0.666845,7.13256,2.14581,1
0.652977,13.4084,2.15962,1
0.757212,5.89969,2.16626,1
0.447467,7.00295,2.15713,1
0.800106,5.44667,2.15139,1
0.553493,9.6098,2.12462,1
0.722421,5.79678,2.03478,1
0.706725,11.6766,2.04615,1
0.722421,6.05999,2.01365,1
0.722421,5.62647,1.99406,1
0.706725,11.6766,2.05882,1
0.762541,6.88366,2.09703,1
0.762541,4.11281,2.08236,1
0.685386,6.19059,2.14382,1
0.670875,7.24975,2.17261,1
0.670875,7.88217,2.1547,1
0.722421,6.0574,2.15135,1
0.762541,7.98954,2.14646,1
0.762541,6.24824,2.13575,1
0.727227,3.43206,2.02961,1
0.727227,5.92343,2.01877,1
0.785819,2.65353,2.03661,1
0.727227,7.09822,2.07381,1
0.727227,8.11461,2.10003,1
0.727227,4.4862,2.07276,1
0.727227,7.00762,2.12418,1
0.785819,5.45205,2.11476,1
0.720567,3.72523,2.12384,1
0.785819,4.13455,2.15095,1
0.543609,5.96012,2.14989,1
0.641316,4.98136,2.10781,1
0.693991,15.8818,2.04365,1
0.658787,4.84035,2.03862,1
0.658787,6.36981,2.04586,1
0.658787,7.74813,2.04285,1
0.658787,7.56317,2.03329,1
0.693991,5.16237,2.01095,1
0.748802,5.29801,1.9964,1
0.709405,6.70889,2.00812,1
0.658787,7.10537,2.09355,1
0.791575,3.97554,2.05542,1
0.658787,9.5419,2.05452,1
0.748802,6.84413,2.09703,1
0.748802,5.47758,2.08173,1
0.658787,8.61434,2.06398,1
0.584079,7.95514,2.15527,1
0.407079,6.14415,2.04148,1
0.599041,5.90218,2.02752,1
0.771531,4.42775,2.03547,1
0.771531,3.95673,2.03335,1
0.478537,5.64956,2.03525,1
0.677124,6.53661,2.09703,1
0.714004,7.90875,2.10891,1
0.478537,5.17747,2.13012,1
0.730169,5.74961,2.09393,1
0.677124,6.0134,2.13485,1
0.533725,11.3414,2.14641,1
0.730169,4.41084,2.15082,1
0.7897,5.16747,2.15562,1
0.533725,3.68884,2.16106,1
0.714004,9.69864,2.15135,1
0.629656,8.08024,2.14664,1
0.573362,14.879,2.03658,1
0.735062,4.31226,2.03177,1
0.602145,14.941,2.03904,1
0.681257,5.91038,2.02795,1
0.795503,3.13783,2.03281,1
0.735062,4.09946,2.08598,1
0.681257,5.91038,2.04862,1
0.696388,5.02147,2.1197,1
0.735062,4.76239,2.15848,1
0.752031,5.60575,2.16106,1
0.735062,4.53866,2.15291,1
0.646699,5.95161,2.16106,1
0.614706,5.7266,2.15416,1
0.735062,3.84036,2.14492,1
0.511828,5.81994,2.13281,1
0.614706,6.56027,2.13823,1
0.511828,6.62097,2.14673,1
0.646699,5.11807,2.1337,1
0.80139,4.34465,2.0751,1
0.80139,4.20728,2.03731,1
0.80139,5.05177,2.03707,1
0.664585,5.07344,2.02885,1
0.664585,4.98378,2.09545,1
0.820814,3.7362,2.10003,1
0.700782,8.43204,2.06838,1
0.757244,4.83533,2.15787,1
0.700782,7.00894,2.13951,1
0.549058,5.35223,2.1443,1
0.700782,4.98033,2.1498,1
0.523841,7.22946,2.1587,1
0.664585,5.16733,2.1629,1
0.700782,7.00894,2.15139,1
0.80139,4.34465,2.14716,1
0.617996,7.19663,2.13917,1
0.617996,5.39489,2.10002,1
0.700782,4.39631,2.10104,1
0.523841,7.4846,2.11319,1
0.59089,18.0337,2.03294,1
0.337044,6.73194,2.04861,1
0.762526,3.3743,1.9964,1
0.827101,2.93015,2.089,1
0.762526,5.00115,2.09953,1
0.721323,4.37651,2.13776,1
0.562645,8.37659,2.1426,1
0.721323,4.3567,2.14172,1
0.721323,3.72366,2.14753,1
0.780634,3.84205,2.14721,1
0.59089,18.0337,2.15936,1
0.683371,4.38666,2.15368,1
0.562645,8.27536,2.1529,1
0.634612,9.27945,2.15135,1
0.668524,7.21142,2.13234,1
0.762526,3.3743,2.12383,1
0.634612,8.40927,2.12937,1
0.721323,3.33278,2.15029,1
0.721323,5.39604,2.11529,1
0.762526,9.92548,2.11028,1
0.606336,9.31157,2.06342,1
0.513957,6.0405,2.02855,1
0.652045,5.42536,2.02855,1
0.786269,5.66947,2.03841,1
0.68756,5.77383,2.09195,1
0.742956,2.52113,2.07302,1
0.576854,6.39594,2.05615,1
0.606336,9.19738,2.15082,1
0.742956,2.30592,2.15512,1
0.325167,6.86077,2.15691,1
0.786269,3.72024,2.15942,1
0.811347,4.2323,2.0735,1
0.748002,6.80745,2.03794,1
0.811347,2.94534,2.03077,1
0.65579,8.67028,2.0492,1
0.622524,3.79817,2.0852,1
0.65579,8.67028,2.07259,1
0.68541,5.11678,2.08945,1
0.811347,3.65315,2.06057,1
0.622524,5.22645,2.11935,1
0.811347,5.39028,2.17261,1
0.765764,5.24229,2.10104,1
0.765764,4.38777,2.10557,1
0.492694,5.49438,2.12367,1
0.771149,4.83999,2.04365,1
0.594675,5.43036,2.03294,1
0.771149,4.83999,2.03022,1
0.594675,8.83582,2.02947,1
0.837866,3.38138,2.03707,1
0.674337,5.97518,2.03329,1
0.771149,3.58084,2.09355,1
0.674337,6.32446,2.04791,1
0.504074,6.48547,2.14296,1
0.771149,5.31504,2.14721,1
0.837866,3.75043,2.15095,1
0.594675,9.04591,2.15848,1
0.728668,4.41171,2.15468,1
0.771149,5.34799,2.13248,1
0.674337,6.32446,2.12292,1
0.594675,4.61143,2.13092,1
0.771149,3.72576,2.0886,1
0.733477,8.94033,2.06945,1
0.610436,6.64002,2.08413,1
0.643056,7.78282,2.07964,1
0.733477,8.94033,2.04791,1
0.733477,4.63061,2.0717,1
0.541211,7.17728,2.10558,1
0.795592,4.95206,2.11319,1
0.661115,13.0261,2.08951,1
0.583015,9.52218,2.03978,1
0.416754,5.42566,2.02958,1
0.661115,6.99202,2.03794,1
0.756028,4.39206,2.03077,1
0.661115,5.86369,2.03707,1
0.756028,4.15448,1.9964,1
0.756028,6.64568,2.08023,1
0.714381,5.56195,2.05615,1
0.44309,6.32188,2.12623,1
0.756028,6.23576,2.11476,1
0.821437,4.43592,2.14711,1
0.821437,4.38913,2.13337,1
0.756028,8.79155,2.15168,1
0.756028,4.24,2.11705,1
0.399524,6.58017,2.10675,1
0.821437,2.92065,2.10967,1
0.47356,5.89845,2.04474,1
0.718953,12.1212,2.03304,1
0.848798,2.54715,2.03823,1
0.580735,4.51072,2.0321,1
0.630322,12.5572,2.02927,1
0.848798,3.79751,2.03335,1
0.779838,4.88761,2.0424,1
0.680104,4.91253,2.01095,1
0.680104,3.89873,2.05609,1
0.718953,12.1212,2.08329,1
0.598348,12.0416,2.08855,1
0.265704,4.27642,2.11061,1
0.598348,6.47732,2.08868,1
0.718953,12.1212,2.0717,1
0.779838,4.86801,2.06183,1
0.658793,2.45418,2.13242,1
0.530494,7.26373,2.15468,1
0.680104,7.36958,2.15577,1
0.425323,4.76406,2.15139,1
0.779838,4.55008,2.14694,1
0.779838,4.37848,2.12937,1
0.598348,14.018,2.15879,1
0.505728,6.31685,2.12114,1
0.644322,4.40321,2.12744,1
0.680104,5.46645,2.08712,1
0.434228,6.42116,2.04204,1
0.434228,6.42116,2.04148,1
0.740908,5.08773,2.03294,1
0.614427,5.60735,2.03011,1
0.805008,4.37871,2.02961,1
0.740908,3.783,2.02643,1
0.740908,7.03444,2.04285,1
0.507619,7.61287,2.0455,1
0.647893,6.64918,2.0228,1
0.758866,4.81589,2.0196,1
0.740908,3.783,2.00981,1
0.740908,4.91569,2.01072,1
0.453983,5.07033,2.07458,1
0.740908,7.58838,2.08013,1
0.700093,5.42074,2.08111,1
0.805008,3.97937,2.08397,1
0.647893,5.63012,2.1217,1
0.614427,5.20744,2.1498,1
0.647893,14.8842,2.17664,1
0.453983,5.07033,2.1529,1
0.740908,7.25926,2.149,1
0.740908,8.29002,2.14861,1
0.507619,6.19416,2.14454,1
0.369386,6.31771,2.13933,1
0.35484,6.53022,2.13748,1
0.647893,12.6341,2.14366,1
0.805008,4.46452,2.15527,1
0.571355,6.98088,2.12746,1
0.764084,4.49856,2.06808,1
0.704429,5.40973,2.06516,1
0.666365,9.45277,2.08791,1
0.704429,6.4707,2.08561,1
0.704429,4.79434,2.12623,1
0.764084,5.46027,2.09393,1
0.704429,6.4707,2.11977,1
0.704429,5.40973,2.15368,1
0.764084,4.51124,2.15581,1
0.58626,6.64627,2.11439,1
0.78858,5.06221,2.02947,1
0.596519,5.1282,2.02633,1
0.78858,3.24676,2.02927,1
0.634671,8.21405,2.03281,1
0.601888,8.61607,2.02079,1
0.78858,4.26199,2.07381,1
0.725787,5.39821,2.11935,1
0.444718,5.97188,2.15605,1
0.78858,4.26199,2.12501,1
0.422173,5.26319,2.13951,1
0.743379,5.13084,2.14798,1
0.685805,5.0523,2.15849,1
0.78858,1.97913,2.13407,1
0.79424,4.00194,2.03335,1
0.652626,5.55585,2.04276,1
0.652626,4.30383,2.00741,1
0.706287,5.92779,2.13828,1
0.706287,5.43679,2.11977,1
0.748329,7.29009,2.12384,1
0.748329,3.24834,2.15962,1
0.748329,4.63793,2.14439,1
0.706287,6.04415,2.13569,1
0.621448,7.58602,2.0771,1
0.4869,5.56572,2.04204,1
0.710666,5.74387,2.04285,1
0.621448,8.75964,2.03794,1
0.621448,8.22645,2.02614,1
0.710666,6.25227,2.0505,1
0.532184,4.40923,2.05293,1
0.687331,3.85379,2.08292,1
0.571687,3.76709,2.06488,1
0.589349,6.97418,2.15828,1
0.710666,6.69113,2.10783,1
0.772151,4.85786,2.14552,1
0.464538,6.16171,2.17261,1
0.820573,1.97061,2.15691,1
0.820573,3.16129,2.15262,1
0.621448,9.0119,2.13407,1
0.4869,8.3503,2.15527,1
0.820573,3.16129,2.10967,1
0.772151,3.02143,2.08727,1
0.777519,3.45725,2.10323,1
0.638886,4.73294,2.04148,1
0.777519,4.4897,2.02752,1
0.732575,5.88732,2.03277,1
0.777519,3.45725,2.02493,1
0.586799,3.04016,2.08179,1
0.67538,8.32376,2.0655,1
0.777519,3.45725,2.06415,1
0.797356,4.11209,2.13212,1
0.632923,4.77249,2.151,1
0.777519,6.59336,2.16517,1
0.732575,4.31102,2.15691,1
0.732575,4.19921,2.15484,1
0.732575,4.30402,2.1466,1
0.777519,3.45725,2.12367,1
0.732575,3.74643,2.11065,1
0.803114,3.07417,2.07273,1
0.755722,4.57595,2.03933,1
0.695546,11.414,2.03717,1
0.695546,5.04974,2.01072,1
0.695546,5.98232,1.99431,1
0.442527,1.93904,2.04784,1
0.803114,3.00914,2.05836,1
0.803114,3.93072,2.13828,1
0.65723,6.88789,2.1342,1
0.695546,6.6265,2.15368,1
0.58952,4.88393,2.13823,1
0.660856,10.2425,2.02927,1
0.487626,6.35206,2.03655,1
0.660856,10.2425,2.05354,1
0.716821,4.96213,2.04329,1
0.381218,3.26126,2.02538,1
0.830245,3.66109,2.08598,1
0.760799,2.8834,2.13212,1
0.780208,4.11267,2.14296,1
0.760799,6.42603,2.15651,1
0.549997,5.03911,2.16083,1
0.716821,4.56364,2.1529,1
0.760799,2.8834,2.15393,1
0.487626,5.51207,2.15416,1
0.660856,10.2425,2.10781,1
0.625147,8.82578,2.12744,1
0.760799,2.8834,2.08659,1
0.716821,3.22269,2.08746,1
0.375079,5.55488,2.06699,1
0.785655,4.7865,2.06808,1
0.785655,0.725599,2.07767,1
0.785655,3.70554,2.04365,1
0.785655,4.24736,2.03258,1
0.785655,3.84719,2.02633,1
0.680425,6.53235,2.03507,1
0.595004,6.83013,2.03335,1
0.785655,4.7865,2.04049,1
0.466181,6.51306,2.09783,1
0.680425,6.53235,2.09155,1
0.785655,3.70554,2.05615,1
0.785655,3.21189,2.11289,1
0.859044,2.83686,2.12882,1
0.658083,4.87114,2.14753,1
0.680425,5.35647,2.15095,1
0.785655,3.24584,2.1498,1
0.642943,6.67223,2.15691,1
0.785655,4.34975,2.13281,1
0.680425,4.30434,2.15168,1
0.785655,5.4693,2.12937,1
0.416923,5.55742,2.13575,1
0.785655,4.46853,2.12114,1
0.524713,8.00999,2.12327,1
0.811998,4.00142,2.06701,1
0.811998,2.11321,2.04474,1
0.646332,4.5913,2.03304,1
0.811998,4.31717,2.03978,1
0.763061,4.31076,2.04061,1
0.811998,3.34997,2.01877,1
0.811998,4.13529,2.04861,1
0.744078,8.91987,2.01888,1
0.646332,4.5913,2.10512,1
0.811998,2.11321,2.05992,1
0.811998,2.11321,2.06,1
0.744078,8.91987,2.0825,1
0.646332,12.9431,2.1342,1
0.701067,5.98745,2.13212,1
0.701067,5.22939,2.15962,1
0.744078,8.91987,2.15817,1
0.611407,4.93966,2.1547,1
0.701067,6.54384,2.14829,1
0.811998,2.11321,2.14844,1
0.811998,4.07402,2.13468,1
0.811998,3.25611,2.10134,1
0.646332,4.5913,2.1137,1
0.646332,12.9431,2.12013,1
0.701067,4.31443,2.14218,1
0.625521,6.49791,2.14673,1
0.722865,3.51655,2.04488,1
0.768196,3.70423,2.02795,1
0.768196,3.70423,2.02874,1
0.44338,4.18361,2.03235,1
0.768196,3.04207,2.04853,1
0.768196,2.73141,2.02739,1
0.665305,6.35306,2.02563,1
0.768196,5.53977,2.04663,1
0.768196,3.70423,2.08241,1
0.768196,3.69601,2.06812,1
0.839954,1.92257,2.13659,1
0.665305,7.85249,2.14205,1
0.768196,7.05915,2.15651,1
0.768196,3.70423,2.16106,1
0.768196,6.70969,2.13102,1
0.665305,6.22777,2.14366,1
0.768196,5.53977,2.13407,1
0.685312,6.44067,2.0363,1
0.727357,4.90991,2.02961,1
0.727357,4.90991,2.03434,1
0.793751,2.94316,2.16083,1
0.793751,2.94316,2.15202,1
0.702274,3.53316,2.14861,1
0.793751,4.42214,2.14664,1
0.793751,3.61879,2.10674,1
0.727357,4.38488,2.12208,1
0.727357,4.38488,2.13407,1
0.793751,2.61936,2.09006,1
0.750737,2.57495,2.03978,1
0.650184,7.84218,2.04586,1
0.650184,6.79057,2.04586,1
0.750737,6.26447,2.01877,1
0.614367,5.69038,2.01877,1
0.750737,3.5776,2.00741,1
0.750737,4.56139,2.07774,1
0.770316,3.9491,2.09317,1
0.820865,3.58585,2.09783,1
0.750737,3.5776,2.08111,1
0.750737,6.79337,2.0655,1
0.750737,4.16301,2.12319,1
0.750737,2.57495,2.1426,1
0.650184,4.88717,2.14341,1
0.750737,6.84459,2.14171,1
0.563352,5.83639,2.14242,1
0.750737,6.79337,2.15849,1
0.501393,8.0687,2.1629,1
0.501393,8.62232,2.15416,1
0.750737,4.16301,2.13567,1
0.820865,2.57769,2.12086,1
0.849676,3.60141,2.02874,1
0.710636,6.34773,2.03329,1
0.775503,3.80008,2.04562,1
0.775503,1.97526,2.0196,1
0.775503,4.6383,2.05609,1
0.669558,4.76639,2.06945,1
0.669558,4.48064,2.06945,1
0.775503,4.9747,2.06021,1
0.775503,3.62893,2.1547,1
0.669558,5.5533,2.14844,1
0.710636,6.34773,2.14729,1
0.775503,1.7208,2.11188,1
0.733278,4.22342,2.04026,1
0.635064,7.12737,2.02261,1
0.801775,4.20035,2.02927,1
0.733278,3.41798,2.03434,1
0.733278,4.71513,2.0668,1
0.635064,8.77009,2.05542,1
0.435102,5.33586,2.07584,1
0.733278,5.28088,2.0821,1
0.733278,4.25999,2.05855,1
0.801775,4.25092,2.12168,1
0.733278,3.3536,2.1361,1
0.801775,4.03145,2.15608,1
0.801775,3.43057,2.15942,1
0.801775,4.37733,2.14694,1
0.733278,8.07825,2.13748,1
0.580913,4.04277,2.13407,1
0.489733,5.02848,2.13575,1
0.733278,7.32137,2.1257,1
0.635064,8.29033,2.11415,1
0.570189,6.43101,2.0671,1
0.757256,3.71464,2.03156,1
0.757256,5.67368,2.04229,1
0.552321,6.05109,2.03655,1
0.757256,5.52004,2.05425,1
0.693915,8.04044,2.06,1
0.693915,8.04044,2.13629,1
0.757256,5.66036,2.1466,1
0.757256,5.67368,2.14673,1
0.478072,4.83327,2.04365,1
0.715819,9.96632,2.03667,1
0.542114,4.97372,2.03022,1
0.715819,2.37568,2.03329,1
0.715819,5.42019,2.04265,1
0.715819,3.82354,2.04265,1
0.715819,5.44397,2.02493,1
0.619943,5.10157,2.02288,1
0.782685,4.35554,2.03835,1
0.542114,5.22342,2.07458,1
0.715819,3.82354,2.14138,1
0.715819,3.52128,2.1652,1
0.715819,6.13031,2.16873,1
0.424743,5.19975,2.14482,1
0.619943,9.4208,2.12798,1
0.782685,3.94222,2.11412,1
0.478072,5.04791,2.13407,1
0.677194,10.3396,2.06699,1
0.677194,10.3396,2.0759,1
0.677194,10.3396,2.04217,1
0.787973,3.98342,2.03779,1
0.677194,10.3396,2.03904,1
0.677194,10.3396,2.03125,1
0.670226,3.82409,2.03199,1
0.787973,3.49906,2.02795,1
0.653841,3.9033,2.02961,1
0.739009,4.01587,2.03717,1
0.739009,4.11778,2.01744,1
0.677194,10.3396,2.08401,1
0.787973,3.49906,2.05084,1
0.787973,3.98342,2.06746,1
0.787973,3.49906,2.06765,1
0.677194,10.3396,2.05735,1
0.787973,3.49906,2.05682,1
0.787973,3.49906,2.0554,1
0.677194,10.3396,2.05788,1
0.787973,3.98342,2.12384,1
0.539012,5.01476,2.151,1
0.89102,2.88508,2.15514,1
0.677194,5.92337,2.1498,1
0.787973,3.98342,2.15553,1
0.739009,3.73615,2.14829,1
0.677194,3.60706,2.12144,1
0.677194,10.3396,2.12367,1
0.787973,3.49906,2.11028,1
0.815401,2.35798,2.0735,1
0.898164,1.68572,2.02958,1
0.815401,3.45319,2.04562,1
0.69836,6.13299,2.03434,1
0.69836,6.8245,2.03655,1
0.634681,3.00909,2.00424,1
0.69836,6.07935,2.07259,1
0.815401,3.66141,2.06028,1
0.815401,3.66141,2.09502,1
0.571505,5.02499,2.16517,1
0.763595,4.16816,2.17323,1
0.604823,10.889,2.15468,1
0.763595,4.16816,2.15849,1
0.69836,3.80461,2.14829,1
0.815401,3.00296,2.10734,1
0.333404,5.91806,2.1137,1
0.763595,4.18818,2.14302,1
0.815401,2.35798,2.1506,1
0.763595,4.7654,2.11115,1
0.768517,6.12439,2.06758,1
0.768517,6.12439,2.04148,1
0.768517,6.12439,2.03924,1
0.844592,2.24479,2.02545,1
0.768517,6.12439,2.02991,1
0.844592,2.89926,2.01365,1
0.622295,5.17349,2.09355,1
0.768517,6.12439,2.11061,1
0.768517,6.12439,2.09309,1
0.844592,2.89926,2.06397,1
0.844592,2.89926,2.09502,1
0.768517,6.12439,2.12882,1
0.844592,2.89926,2.14299,1
0.601449,4.25839,2.14223,1
0.768517,6.12439,2.15691,1
0.768517,6.12439,2.15596,1
0.720762,4.0162,2.12956,1
0.616078,3.0035,2.14366,1
0.431937,1.71706,2.14287,1
0.768517,6.12439,2.14729,1
0.744505,4.64963,2.07493,1
0.499811,6.26309,2.03658,1
0.680901,6.67686,2.02545,1
0.795016,4.62588,2.03434,1
0.680901,6.82402,2.03841,1
0.680901,6.82402,2.03351,1
0.680901,5.51256,2.04265,1
0.795016,4.27494,2.02097,1
0.589702,4.26008,2.01179,1
0.744505,4.64963,2.09703,1
0.795016,4.98698,2.05777,1
0.589702,5.68111,2.05855,1
0.795016,4.98698,2.14341,1
0.795016,3.89231,2.12882,1
0.795016,1.5005,2.11807,1
0.795016,3.89231,2.14382,1
0.795016,3.89231,2.14817,1
0.795016,3.18897,2.16046,1
0.51567,7.68547,2.17261,1
0.795016,3.89231,2.17323,1
0.795016,4.03693,2.15922,1
0.680901,4.31047,2.15484,1
0.795016,3.89231,2.1603,1
0.795016,3.89231,2.15123,1
0.795016,1.5005,2.14287,1
0.539419,5.43222,2.14287,1
0.680901,6.82402,2.08912,1
0.749061,4.41238,2.03675,1
0.586222,4.22789,2.01983,1
0.702515,4.87843,2.01232,1
0.749061,4.41238,2.07235,1
0.749061,4.41238,2.1083,1
0.749061,4.41238,2.07701,1
0.749061,4.41238,2.06765,1
0.749061,4.41238,2.13485,1
0.749061,4.41238,2.14205,1
0.82321,3.36568,2.14142,1
0.82321,3.11844,2.14299,1
0.82321,2.5628,2.13085,1
0.82321,3.36568,2.1217,1
0.749061,4.41238,2.1204,1
0.749061,2.82419,2.16083,1
0.82321,3.11844,2.09999,1
0.749061,4.41238,2.11413,1
0.82321,3.36568,2.1257,1
0.749061,4.41238,2.08784,1
0.749061,4.41238,2.08762,1
0.774631,5.35765,2.07646,1
0.663442,7.48844,2.03978,1
0.774631,3.93325,2.0363,1
0.774631,3.26664,2.02261,1
0.774631,4.98098,2.02927,1
0.443091,6.03662,2.02097,1
0.774631,3.28407,1.99406,1
0.774631,2.25611,2.04784,1
0.774631,3.28407,2.06312,1
0.774631,3.52182,2.13659,1
0.409649,6.88978,2.14045,1
0.663442,7.48844,2.14382,1
0.663442,7.48844,2.15514,1
0.486995,4.06723,2.15721,1
0.430276,6.38641,2.15251,1
0.796495,2.24369,2.13234,1
0.774631,3.26664,2.13823,1
0.602947,3.40272,2.13547,1
0.486995,4.38945,2.1396,1
0.774631,2.25611,2.111,1
0.729605,5.95371,2.04015,1
0.729605,5.95371,2.02741,1
0.729605,5.95371,2.02097,1
0.729605,5.95371,2.04663,1
0.729605,5.95371,2.09317,1
0.801828,4.04344,2.10327,1
0.729605,5.95371,2.08397,1
0.801828,3.98125,2.0655,1
0.801828,3.29366,2.13085,1
0.801828,3.98125,2.11411,1
0.684268,4.11133,2.16669,1
0.801828,3.29366,2.15651,1
0.801828,3.92838,2.15849,1
0.754246,4.15684,2.10989,1
0.489225,4.77852,2.02989,1
0.754246,3.36518,2.03731,1
0.754246,3.36063,2.02991,1
0.645983,4.59159,2.03717,1
0.754246,4.15684,1.9996,1
0.645983,4.47784,1.99431,1
0.754246,2.77809,2.02159,1
0.725605,2.79243,2.09114,1
0.559461,6.4057,2.08765,1
0.645983,8.63362,2.08179,1
0.383304,5.482,2.09502,1
0.754246,4.15684,2.13866,1
0.559461,6.4057,2.13443,1
0.830802,3.32866,2.1204,1
0.645983,4.47784,2.15721,1
0.830802,3.32866,2.16873,1
0.754246,4.82202,2.17261,1
0.383304,5.482,2.15817,1
0.754246,2.77809,2.15577,1
0.830802,3.60242,2.15596,1
0.559461,6.4057,2.14716,1
0.489225,4.77852,2.13933,1
0.489225,5.24515,2.13815,1
0.754246,4.82203,2.13281,1
0.754246,6.03233,2.1455,1
0.500301,2.48525,2.14302,1
0.645983,8.63362,2.13797,1
0.754246,4.82202,2.08692,1
0.780446,3.26377,2.03707,1
0.710149,7.88988,2.03507,1
0.710149,7.88988,2.03525,1
0.710149,7.88988,2.0228,1
0.710149,7.88988,2.00632,1
0.710149,4.17466,2.07458,1
0.780446,3.37961,2.13722,1
0.710149,7.88988,2.1342,1
0.710149,4.17466,2.10143,1
0.710149,4.17466,2.11676,1
0.780446,4.63957,2.14215,1
0.710149,7.88988,2.14721,1
0.710149,4.17466,2.15962,1
0.710149,7.88988,2.15817,1
0.710149,7.88988,2.15922,1
0.780446,3.76317,2.12798,1
0.460606,5.69431,2.14366,1
0.710149,7.88988,2.08799,1
0.733861,3.90641,2.07009,1
0.628524,10.0331,2.03729,1
0.733861,5.65712,2.03507,1
0.526467,3.30237,2.0196,1
0.733861,3.90641,2.01249,1
0.808348,3.49356,2.02121,1
0.571213,2.61926,2.08057,1
0.733861,3.90641,2.17179,1
0.733861,3.91039,2.1629,1
0.733861,5.65712,2.15262,1
0.733861,3.90641,2.15168,1
0.733861,3.91039,2.11905,1
0.628524,10.0331,2.13117,1
0.54434,4.49645,2.14403,1
0.759064,3.67327,2.15368,1
0.759064,4.28541,2.12798,1
0.759064,4.28541,2.13117,1
0.589544,1.51818,2.07673,1
0.52922,7.08397,2.03277,1
0.713476,5.712,2.04061,1
0.785894,3.89639,2.0363,1
0.52922,7.08397,2.04276,1
0.52922,7.08397,2.04909,1
0.627002,2.14787,2.02739,1
0.713476,4.2574,2.06305,1
0.843968,1.68572,2.06057,1
0.713476,4.2574,2.13866,1
0.555346,4.42461,2.12956,1
0.484094,3.04916,2.14366,1
0.843968,1.68572,2.10386,1
0.611065,4.22606,2.14218,1
0.611065,4.22606,2.1337,1
0.843968,1.68572,2.0912,1
0.790806,3.49527,2.03301,1
0.790806,3.49527,2.0349,1
0.790806,3.49527,2.03077,1
0.876307,1.55204,2.03661,1
0.790806,3.49527,2.01072,1
0.790806,3.49527,2.05882,1
0.790806,3.49527,2.09783,1
0.790806,3.49527,2.10976,1
0.876307,1.55204,2.09114,1
0.790806,3.49527,2.15962,1
0.790806,3.49527,2.16873,1
0.790806,3.49527,2.17323,1
0.790806,3.49527,2.15202,1
0.790806,3.49527,2.14711,1
0.790806,3.49527,2.1344,1
0.790806,3.49527,2.11705,1
0.790806,3.49527,2.14302,1
0.790806,3.49527,2.12144,1
0.819855,2.69797,2.0321,1
0.693091,6.54057,2.02927,1
0.693091,6.54057,2.03841,1
0.819855,1.68572,2.00336,1
0.819855,3.01187,1.99796,1
0.819855,3.0829,2.05632,1
0.449558,5.54276,2.06977,1
0.819855,2.69797,2.05452,1
0.819855,3.0829,2.06017,1
0.819855,2.69797,2.04907,1
0.819855,3.01187,2.13951,1
0.819855,2.69797,2.14205,1
0.666772,3.86308,2.12383,1
0.819855,3.01187,2.13085,1
0.693091,6.54057,2.15608,1
0.819855,1.68572,2.15468,1
0.693091,6.54057,2.1529,1
0.819855,2.69797,2.15135,1
0.693091,6.54057,2.12863,1
0.819855,3.01187,2.13567,1
0.819855,1.68572,2.08687,1
0.819855,1.68572,2.08683,1
0.767884,3.92076,2.03675,1
0.850907,2.42365,2.03304,1
0.767884,3.92076,2.04061,1
0.850907,2.42365,2.02462,1
0.767884,3.92076,2.02614,1
0.767884,3.92076,2.03549,1
0.850907,2.42365,2.02741,1
0.767884,3.92076,2.0668,1
0.767884,3.92076,2.10003,1
0.422748,6.34693,2.08735,1
0.767884,3.92076,2.08397,1
0.767884,3.92076,2.05724,1
0.850907,2.42365,2.15787,1
0.767884,3.92076,2.14506,1
0.767884,3.92076,2.1364,1
0.850907,2.6932,2.13485,1
0.767884,3.92076,2.14171,1
0.850907,2.6932,2.151,1
0.767884,3.92076,2.14817,1
0.767884,3.92076,2.16135,1
0.767884,3.92076,2.15848,1
0.767884,3.92076,2.15062,1
0.850907,2.42365,2.15123,1
0.850907,2.6932,2.12462,1
0.767884,3.92076,2.12013,1
0.737017,2.60633,2.14287,1
0.795741,3.64939,2.07057,1
0.795741,3.77401,2.04217,1
0.672706,7.63038,2.04148,1
0.795741,3.45974,2.04474,1
0.795741,2.63164,2.02674,1
0.795741,2.63164,2.02927,1
0.795741,2.63164,2.0333,1
0.795741,2.63164,2.04909,1
0.795741,2.63164,2.04339,1
0.795741,3.64939,2.05609,1
0.576147,5.73133,2.06838,1
0.795741,2.63164,2.09146,1
0.820214,3.17308,2.08406,1
0.795741,3.45974,2.05992,1
0.795741,2.63164,2.11935,1
0.672706,3.83626,2.14172,1
0.795741,2.63164,2.14753,1
0.795741,3.45974,2.14142,1
0.672706,3.83626,2.13773,1
0.795741,3.45974,2.1173,1
0.498979,4.7799,2.15816,1
0.498979,4.7799,2.15942,1
0.672706,7.63038,2.14517,1
0.38479,5.09113,2.10781,1
0.795741,3.45974,2.13821,1
0.795741,3.45974,2.13522,1
0.576147,5.73133,2.15747,1
0.672706,7.63038,2.11188,1
0.795741,3.77401,2.11479,1
0.744962,5.6189,2.03478,1
0.744962,2.67246,2.03125,1
0.744962,2.67246,2.04138,1
0.744962,5.6189,2.0333,1
0.744962,2.67246,2.04909,1
0.744962,2.67246,2.03434,1
0.744962,5.6189,2.08223,1
0.744962,5.6189,2.07546,1
0.744962,5.6189,2.0788,1
0.66791,4.32691,2.08102,1
0.744962,5.6189,2.05777,1
0.744962,5.6189,2.06028,1
0.744962,2.67246,2.15964,1
0.744962,5.6189,2.13485,1
0.744962,5.6189,2.14142,1
0.825507,2.1742,2.14299,1
0.744962,5.6189,2.15962,1
0.744962,5.6189,2.14817,1
0.744962,5.6189,2.16318,1
0.825507,3.03879,2.15651,1
0.825507,3.03879,2.15409,1
0.744962,5.6189,2.1529,1
0.744962,5.6189,2.15048,1
0.744962,2.67246,2.15048,1
0.744962,5.6189,2.10386,1
0.744962,5.6189,2.10558,1
0.744962,2.67246,2.08943,1
0.331507,5.27612,2.04217,1
0.331507,5.27612,2.04204,1
0.771628,2.95774,2.03675,1
0.771628,3.90276,2.04554,1
0.857372,3,2.03621,1
0.771628,4.36768,2.04276,1
0.771628,4.36768,2.0228,1
0.771628,4.36768,1.99796,1
0.857372,3,2.05882,1
0.771628,4.36768,2.09195,1
0.771628,4.36768,2.0554,1
0.771628,4.36768,2.12452,1
0.771628,3.90276,2.13102,1
0.771628,4.36768,2.13567,1
0.771628,3.90276,2.10002,1
0.442785,1.62502,2.06407,1
0.747514,3.21576,2.07805,1
0.747514,4.63329,2.05555,1
0.747514,3.21576,2.03304,1
0.747514,3.21576,2.04061,1
0.631936,4.3555,2.03904,1
0.747514,4.63329,2.13705,1
0.747514,4.63329,2.11676,1
0.555344,4.9756,2.15721,1
0.631936,4.3555,2.15323,1
0.747514,4.63329,2.15849,1
0.747514,3.21576,2.13069,1
0.522168,3.80398,2.13092,1
0.671015,2.64831,2.02462,1
0.741977,3.50213,2.10082,1
0.536512,3.57886,2.05724,1
0.626808,2.40593,2.12418,1
0.536512,4.87686,2.14581,1
0.428728,6.00063,2.11439,1
0.588328,3.69595,2.05452,1
0.723401,5.45608,2.17179,1
0.723401,5.45608,2.12798,1
0.364907,3.51375,2.1137,1
0.723401,5.45608,2.12744,1
0.649015,3.82405,2.04554,1
0.438642,6.60016,2.02623,1
0.834947,2.03582,2.14302,1
0.834947,3.07221,2.12367,1
0.84003,2.28137,2.07493,1
0.84003,2.28137,2.04365,1
0.84003,0,2.04285,1
0.84003,0,2.03077,1
0.84003,0,2.02874,1
0.84003,0,2.03434,1
0.84003,2.28137,2.0505,1
0.699288,3.33768,2.0554,1
0.84003,0,2.09146,1
0.84003,2.28137,2.09146,1
0.84003,2.28137,2.08904,1
0.84003,2.28137,2.09,1
0.84003,0,2.07701,1
0.84003,2.28137,2.13012,1
0.84003,0,2.13874,1
0.84003,2.28137,2.11807,1
0.84003,0,2.14753,1
0.84003,0,2.13773,1
0.84003,0,2.15936,1
0.84003,2.28137,2.15368,1
0.84003,0,2.15409,1
0.84003,0,2.15849,1
0.84003,2.28137,2.1337,1
0.699288,3.33768,2.13117,1
0.84003,2.28137,2.13407,1
0.84003,2.28137,2.12367,1
0.780999,3.44462,2.07213,1
0.780999,3.44462,2.06342,1
0.780999,3.44462,2.04217,1
0.780999,3.44462,2.03107,1
0.780999,3.44462,2.03675,1
0.645415,3.58829,2.03258,1
0.780999,3.44462,2.02958,1
0.780999,3.44462,2.02927,1
0.780999,3.44462,2.03549,1
0.780999,3.44462,2.04229,1
0.780999,3.44462,2.03956,1
0.780999,3.44462,2.03655,1
0.780999,3.44462,2.00741,1
0.780999,3.44462,2.01888,1
0.780999,3.44462,2.06431,1
0.780999,3.44462,2.08023,1
0.780999,3.44462,2.07259,1
0.780999,3.44462,2.07276,1
0.585706,3.50906,2.10621,1
0.780999,3.44462,2.07938,1
0.780999,3.44462,2.07974,1
0.780999,3.44462,2.0717,1
0.780999,3.44462,2.06765,1
0.780999,3.44462,2.06765,1
0.780999,3.44462,2.13828,1
0.780999,3.44462,2.13776,1
0.780999,3.44462,2.09393,1
0.780999,3.44462,2.12501,1
0.780999,3.44462,2.13951,1
0.780999,3.44462,2.1336,1
0.780999,3.44462,2.11977,1
0.780999,3.44462,2.12383,1
0.780999,3.44462,2.14045,1
0.780999,3.44462,2.13085,1
0.780999,3.44462,2.11476,1
0.780999,3.44462,2.15095,1
0.780999,3.44462,2.16517,1
0.780999,3.44462,2.17261,1
0.780999,3.44462,2.15139,1
0.780999,3.44462,2.14956,1
0.780999,3.44462,2.13102,1
0.780999,3.44462,2.13748,1
0.780999,3.44462,2.13248,1
0.780999,3.44462,2.1247,1
0.780999,3.44462,2.13823,1
0.780999,3.44462,2.15084,1
0.780999,3.44462,2.10002,1
0.780999,3.44462,2.10558,1
0.780999,3.44462,2.12937,1
0.780999,3.44462,2.15527,1
0.780999,3.44462,2.12124,1
0.780999,3.44462,2.12144,1
0.780999,3.44462,2.08864,1
0.811064,3.00919,2.0683,1
0.774551,2.55007,2.07735,1
0.811064,3.00919,2.07493,1
0.811064,3.00919,2.02795,1
0.811064,3.00919,2.03434,1
0.774551,2.63106,2.0505,1
0.811064,3.00919,2.01232,1
0.811064,3.00919,2.03399,1
0.811064,3.00919,2.07754,1
0.695939,3.71204,2.10008,1
0.811064,3.00919,2.08173,1
0.811064,3.00919,2.09845,1
0.811064,3.00919,2.08988,1
0.811064,3.00919,2.12623,1
0.811064,3.00919,2.13776,1
0.811064,3.00919,2.09333,1
0.811064,3.00919,2.11983,1
0.811064,3.00919,2.1443,1
0.811064,3.00919,2.14641,1
0.811064,3.00919,2.16873,1
0.811064,3.00919,2.15577,1
0.811064,3.00919,2.14869,1
0.811064,3.00919,2.13234,1
0.811064,3.00919,2.11319,1
0.811064,3.00919,2.13821,1
0.811064,3.00919,2.15747,1
0.515181,2.73536,2.03156,1
0.624239,2.2145,2.0363,1
0.782097,3.50531,2.02874,1
0.782097,3.50531,2.03434,1
0.782097,3.50531,2.04615,1
0.782097,3.50531,2.08846,1
0.782097,3.50531,2.10871,1
0.782097,3.50531,2.1364,1
0.782097,3.50531,2.17664,1
0.782097,3.50531,2.15651,1
0.782097,3.50531,2.1587,1
0.782097,3.50531,2.14861,1
0.782097,3.50531,2.13569,1
0.782097,3.50531,2.11405,1
0.427822,4.85071,2.05293,1
0.646229,3.0261,2.14299,1
0.719226,3.32005,2.15299,1
0.668162,3.12564,2.0962,1
0.509805,4.79564,2.08347,1
0.577999,4.4448,2.0321,1
0.577999,2.40886,2.03281,1
0.621374,4.0363,2.1173,1
0.490273,4.40769,2.12144,1
0.69343,3.62532,2.02538,1
0.663901,2.55602,2.01983,1
0.48295,4.95464,2.04784,1
0.440246,4.26867,2.12383,1
0.665127,3.37626,2.12367,1
0.688738,2.509,2.05882,1
0.421512,2.77933,2.08868,1
0.608576,2.8831,2.14082,1
0.508639,3.88305,2.12384,1
0.523033,2.98346,2.14167,1
0.608521,3.7107,2.15713,1
0.440168,3.70865,2.04229,1
0.521954,4.32632,2.0455,1
0.53715,3.64485,2.04339,1
0.449082,5.21776,2.06342,1
0.619482,3.79666,2.03478,1
0.462399,3.98323,2.0455,1
0.598902,3.51746,2.09732,1
0.551914,4.28426,2.04049,1
0.568957,3.50851,2.04853,1
0.523611,4.09063,2.13443,1
0.484745,4.64183,2.1361,1
0.541091,2.99509,2.16046,1
0.482272,4.71405,2.06028,1
0.539012,3.67892,2.15459,1
0.495307,3.85682,2.15291,1
0.509067,3.88516,2.1548,1
0.509067,4.14345,2.15135,1
