5.9714,0,0.1024,0.2634,0.658243,0.145137,2.19979
706.4868,0,1.0251,1.8572,0.65817,0.157979,2.19953
316.5782,0,0.969,1.4372,0.657605,0.146427,2.20012
18.7037,0,0.0414,0.3742,0.702465,0.156666,2.20032
34.6631,0,0.094,0.5453,0.618243,0.136348,2.20022
30.3356,0,0.0325,0.544,0.595777,0.143514,2.20077
19.7272,0,0.1011,0.4728,0.645159,0.161201,2.20035
10.9584,0,0.0585,0.3037,0.660785,0.16324,2.19904
41.9076,0,0.3387,0.7675,0.700157,0.146768,2.20056
185.8543,0,0.3006,1.6178,0.682556,0.152582,2.19973
80.7161,0,0.0615,0.9812,0.654098,0.14631,2.19881
91.8431,0,0.1502,1.0488,0.677621,0.141804,2.19963
21.7183,0,0.2336,0.4735,0.665595,0.145702,2.19852
6.9477,0,0.1223,0.1973,0.713038,0.17004,2.19954
8.2388,0,0.1753,0.2912,0.692231,0.148011,2.20036
10.037,0,0.0697,0.3165,0.662273,0.140413,2.1996
15.7994,0,0.2499,0.3796,0.684177,0.162501,2.1993
82.9427,0,0.0693,0.9757,0.668987,0.117962,2.19879
130.4854,0,0.0866,1.0522,0.652315,0.143224,2.19972
94.0876,0,0.0975,0.9071,0.653645,0.142512,2.19892
198.1444,0,0.2424,1.317,0.676957,0.136107,2.19837
113.611,0,0.1096,0.9816,0.67564,0.148205,2.19911
51.0796,0,0.0663,0.7505,0.674965,0.122815,2.1987
41.4962,0,0.0438,0.7115,0.663822,0.157698,2.1981
18.7373,0,0.0708,0.4037,0.699349,0.136552,2.1981
9.4263,0,0.1372,0.2032,0.680218,0.147149,2.19859
10.1728,0,0.1488,0.2445,0.71875,0.165456,2.19864
40.6355,0,0.2219,0.7006,0.661452,0.147184,2.19839
194.2671,0,0.169,1.3587,0.681488,0.133695,2.19775
192.321,0,0.2194,1.1471,0.665267,0.180267,2.19792
134.843,0,0.0849,1.1261,0.673118,0.174953,2.19683
110.3973,0,0.0558,1.058,0.685671,0.150743,2.19728
61.263,0,0.0748,0.7753,0.685193,0.163272,2.19721
18.0081,0,0.0397,0.3711,0.669983,0.155011,2.19742
11.6624,0,0.0446,0.3423,0.658694,0.146247,2.1977
45.5184,0,0.0653,0.7301,0.68648,0.145862,2.19687
59.5407,0,0.0641,0.7114,0.672199,0.165468,2.19721
21.3357,0,0.3031,0.2432,0.678881,0.155137,2.19712
21.6693,0,0.0505,0.3688,0.691211,0.153157,2.19691
17.3765,0,0.0386,0.4191,0.676783,0.157945,2.19571
7.5282,0,0.0404,0.2495,0.682424,0.169023,2.19625
33.0318,0,0.0695,0.5028,0.668655,0.149124,2.19683
138.7188,0,0.1335,1.3222,0.676596,0.17026,2.19753
495.4262,0,0.2339,2.0787,0.663612,0.154391,2.1961
74.1617,0,0.1055,0.6041,0.701296,0.133522,2.19714
71.5104,0,0.052,0.9256,0.682477,0.114521,2.19609
102.5713,0,0.1722,0.9241,0.686776,0.139921,2.19633
33.3964,0,0.1181,0.5111,0.647092,0.132365,2.19607
126.5145,0,0.6677,1.2126,0.694683,0.147172,2.19834
601.4254,0,0.3178,2.4454,0.664144,0.169578,2.19559
358.7045,0,0.4373,2.0009,0.689974,0.152301,2.19502
43.265,0,0.121,0.72,0.681071,0.151317,2.19617
84.2747,0,0.1611,0.8349,0.682564,0.152441,2.1957
19.3424,0,0.3599,0.3096,0.675774,0.153349,2.19603
95.7911,0,0.309,0.6784,0.696808,0.137303,2.19496
56.9434,0,1.3181,0.4875,0.658983,0.136015,2.19633
35.045,0,0.238,0.4093,0.659201,0.117582,2.19628
38.9184,0,0.2285,0.5018,0.645167,0.129928,2.19504
33.0439,0,0.3036,0.4865,0.66542,0.143178,2.19607
5.4615,0,0.1684,0.1963,0.677686,0.127719,2.19657
112.7054,0,0.2459,1.1985,0.699915,0.146466,2.1961
1415.8479,0,0.7063,3.3917,0.690503,0.145146,2.19538
916.8574,0,1.0573,2.9621,0.680816,0.141414,2.19425
380.1059,0,1.0208,1.3672,0.684173,0.157165,2.19429
410.6174,0,0.3913,1.7298,0.693964,0.169843,2.19482
123.1009,0,1.9124,0.8375,0.705327,0.148614,2.19437
76.4864,0,0.6946,0.7711,0.680144,0.149782,2.19474
21.2977,0,0.1734,0.4886,0.707195,0.137337,2.19391
45.3326,0,0.135,0.5758,0.710716,0.133836,2.19521
252.2347,0,0.6067,1.6802,0.683297,0.141518,2.19418
108.2083,0,0.1037,0.9279,0.70626,0.141788,2.19391
11.2096,0,0.1645,0.318,0.689558,0.186715,2.19386
19.2114,0,0.19,0.3718,0.712841,0.144196,2.19357
19.9713,0,0.2789,0.3569,0.68819,0.121699,2.19327
127.823,0,0.4157,0.7985,0.684575,0.135905,2.19341
71.4779,0,0.2895,0.8656,0.686138,0.145543,2.19263
9.7994,0,0.0305,0.2731,0.702203,0.120109,2.19299
15.1653,0,0.1211,0.4036,0.661193,0.107488,2.19271
60.4252,0,0.208,0.867,0.743615,0.146689,2.17902
63.7193,0,0.2438,0.9118,0.733811,0.132724,2.17624
1174.6747,0,0.6665,3.3417,0.731002,0.126844,2.17565
1939.9427,0,1.2763,3.9379,0.732269,0.159702,2.1768
1453.4016,0,0.8444,3.2286,0.730827,0.142585,2.17775
231.8994,0,0.311,1.2916,0.725654,0.161876,2.17788
1523.4091,0,0.8728,3.5504,0.701588,0.159144,2.17716
1418.745,0,1.2276,3.2903,0.704823,0.167269,2.17625
108.3371,0,0.3031,0.8968,0.712177,0.164538,2.17772
467.5915,0,1.2769,2.1287,0.72269,0.160877,2.17846
628.9211,0,0.7709,1.8381,0.712979,0.171648,2.17699
68.602,0,0.399,0.7613,0.716464,0.157436,2.17734
96.6276,0,0.7106,0.7289,0.694217,0.169921,2.17717
34.0719,0,0.1299,0.5679,0.723477,0.151742,2.17731
49.2435,0,0.4302,0.3217,0.726924,0.17738,2.17683
48.9744,0,0.7698,0.5058,0.747817,0.160847,2.17725
11.2452,0,0.2262,0.3113,0.708256,0.15669,2.17719
8.0745,0,0.2487,0.2911,0.724384,0.166349,2.1777
13.0234,0,0.1776,0.3081,0.730734,0.156295,2.17706
10.6055,0,0.6323,0.3687,0.735516,0.146356,2.17689
45.4504,0,0.8391,0.5743,0.711065,0.170315,2.17383
625.2233,0,1.0214,1.7156,0.692156,0.163107,2.1749
52.1707,0,0.0962,0.6961,0.701599,0.166977,2.17605
45.8846,0,0.0687,0.749,0.686398,0.173134,2.17672
4.294,0,0.0144,0.1812,0.715067,0.148682,2.17647
10.9629,0,0.073,0.3738,0.704419,0.160132,2.17612
117.0062,0,0.1214,1.2699,0.719423,0.162796,2.17652
234.7416,0,0.517,1.4976,0.718457,0.169617,2.17641
318.3633,0,0.282,1.5338,0.724698,0.159695,2.17597
75.6203,0,0.1132,0.6317,0.713385,0.164345,2.17597
97.18,0,0.1233,1.02,0.705671,0.162565,2.17595
151.4491,0,0.3314,1.2569,0.721032,0.173377,2.17592
130.6467,0,0.8579,0.9156,0.728082,0.156508,2.17756
250.4825,0,0.588,1.8058,0.713376,0.162482,2.1753
86.368,0,0.9328,1.0084,0.722321,0.16405,2.17487
150.0631,0,0.5798,1.3132,0.72405,0.174109,2.17697
65.8105,0,0.1291,0.7662,0.721973,0.169167,2.17654
75.6491,0,0.3232,0.9514,0.726449,0.160139,2.17588
44.7745,0,0.046,0.6455,0.712497,0.162983,2.17668
60.8742,0,0.2148,0.781,0.721998,0.168712,2.17542
29.7942,0,0.1562,0.3211,0.717066,0.1764,2.17688
11.8301,0,0.0983,0.2805,0.71674,0.164592,2.1768
111.4539,0,0.0936,0.9619,0.727075,0.159526,2.17727
96.544,0,0.1368,0.9292,0.712497,0.174807,2.17652
49.4467,0,0.0801,0.6785,0.739743,0.160233,2.1758
97.3946,0,0.2491,0.8663,0.713736,0.164459,2.17692
48.5751,0,0.0295,0.7348,0.718,0.163932,2.17697
90.4297,0,0.0778,0.993,0.713307,0.170807,2.17883
87.9739,0,0.0527,1.0119,0.703972,0.159746,2.17601
88.2449,0,0.0923,0.944,0.723731,0.155182,2.17607
148.8228,0,0.1707,1.2333,0.716311,0.174431,2.17695
138.4574,0,0.3558,1.0917,0.701522,0.155608,2.17578
89.8967,0,0.2537,0.9635,0.729268,0.158177,2.17681
307.7869,0,0.6271,1.3717,0.714543,0.167622,2.17701
57.3724,0,0.3365,0.7664,0.719728,0.159225,2.17703
58.1788,0,0.4082,0.6397,0.704825,0.171281,2.17638
93.8864,0,0.3142,0.954,0.705677,0.154774,2.17677
111.3208,0,0.1025,0.8057,0.71159,0.158578,2.17634
52.6387,0,0.2317,0.6566,0.702368,0.17952,2.176
140.6359,0,1.3946,0.9089,0.698981,0.156329,2.1773
26.0769,0,0.3437,0.341,0.697288,0.169043,2.17527
32.0305,0,0.2737,0.5092,0.73005,0.161537,2.17519
66.364,0,0.1719,0.7115,0.739423,0.146058,2.17462
135.4436,0,0.0649,0.9306,0.731274,0.137825,2.17644
323.4984,0,0.2006,1.4109,0.706869,0.151528,2.17565
284.9493,0,0.1867,1.6452,0.746698,0.152441,2.17606
43.7042,0,0.0453,0.4547,0.719009,0.186635,2.17555
66.6344,0,0.1555,0.7366,0.737629,0.175126,2.17536
14.9387,0,0.1088,0.3702,0.70943,0.154391,2.17683
53.5391,0,0.1011,0.8206,0.72026,0.147338,2.17466
24.4398,0,0.1262,0.4721,0.693006,0.170769,2.17418
16.7475,0,0.3251,0.4075,0.721594,0.161349,2.17518
21.0941,0,0.348,0.3818,0.714021,0.174393,2.17451
42.3344,0,0.2537,0.6224,0.706263,0.156196,2.17485
16.6646,0,0.1262,0.4337,0.729564,0.13527,2.17292
14.574,0,0.083,0.4282,0.728125,0.143618,2.17329
16.3276,0,0.3393,0.4034,0.744095,0.152835,2.17446
24.0014,0,0.0953,0.5035,0.73086,0.145751,2.17359
79.2026,0,0.303,0.8009,0.741361,0.150519,2.17472
36.0045,0,0.051,0.5995,0.733613,0.165776,2.17442
76.2853,0,0.0627,1.0477,0.726427,0.157675,2.17379
57.6171,0,0.2432,0.7148,0.735336,0.152822,2.17236
30.5784,0,0.0649,0.5696,0.723739,0.161381,2.17317
28.2302,0,0.1044,0.5066,0.727332,0.16417,2.17399
22.8759,0,0.214,0.4924,0.726798,0.149821,2.17433
12.957,0,0.0437,0.414,0.749624,0.149244,2.17432
12.4826,0,0.0957,0.4052,0.741764,0.165923,2.1734
12.4985,0,0.2002,0.4086,0.718114,0.138322,2.15452
20.2569,0,0.109,0.5107,0.731287,0.169477,2.15738
17.6703,0,0.5653,0.4749,0.70772,0.192859,2.1571
15.238,0,0.2825,0.4174,0.699253,0.174465,2.15602
23.1555,0,0.4044,0.483,0.732469,0.178762,2.15648
2.8136,0,0.1206,0.1346,0.751309,0.160048,2.1571
31.2712,0,0.1814,0.6579,0.731038,0.193808,2.15592
12.9156,0,0.2195,0.359,0.727869,0.156373,2.15562
10.2987,0,0.1549,0.3169,0.726451,0.155283,2.15591
7.482,0,0.1395,0.289,0.74075,0.190893,2.15548
3.8022,0,0.0449,0.1698,0.727627,0.165801,2.15624
27.3459,0,0.1161,0.6092,0.725489,0.177338,2.15594
5.2897,0,0.0429,0.226,0.73659,0.186198,2.15565
12.3542,0,0.0322,0.32,0.719827,0.171927,2.15588
36.3448,0,0.0525,0.6524,0.726226,0.160709,2.15484
14.8403,0,0.0558,0.4048,0.730296,0.163929,2.15521
42.9294,0,0.0705,0.665,0.760739,0.185851,2.15469
16.4942,0,0.0726,0.3813,0.724334,0.193687,2.15437
19.7958,0,0.4168,0.388,0.758379,0.169228,2.15497
32.9901,0,0.4887,0.4582,0.727431,0.187931,2.15408
8.4945,0,0.0949,0.3146,0.74802,0.166975,2.15445
16.2069,0,0.0827,0.3695,0.75417,0.182175,2.15404
35.4367,0,0.3349,0.5101,0.768795,0.195803,2.15376
6.189,0,0.0478,0.2284,0.722606,0.176851,2.15406
90.3937,0,0.0821,0.8568,0.73468,0.163415,2.15468
78.0529,0,0.2075,0.8098,0.756243,0.16152,2.15297
83.8006,0,0.0482,0.8819,0.714435,0.176238,2.15283
44.5694,0,0.0675,0.6411,0.709525,0.158191,2.15361
127.3375,0,0.1875,0.9948,0.767186,0.170568,2.15364
13.2889,0,0.1137,0.4176,0.739368,0.159759,2.15352
10.9239,0,0.0338,0.2935,0.75442,0.167829,2.15339
6.7597,0,0.1293,0.2463,0.734655,0.171101,2.15122
6.5654,0,0.1802,0.2633,0.760961,0.172747,2.15227
29.0681,0,0.0534,0.5373,0.755686,0.153741,2.15139
17.2931,0,0.0696,0.2803,0.759954,0.160122,2.15214
30.6434,0,0.0768,0.4788,0.751106,0.164342,2.15317
18.4896,0,0.0343,0.2851,0.74956,0.15659,2.15234
65.3658,0,0.0722,0.6565,0.743322,0.178562,2.15182
11.1973,0,0.1042,0.3575,0.737614,0.170808,2.15184
7.3633,0,0.177,0.255,0.745299,0.16983,2.15171
7.1914,0,0.0236,0.2462,0.728125,0.181707,2.15056
8.5137,0,0.0331,0.3126,0.731057,0.166926,2.15147
6.7095,0,0.2365,0.2611,0.752309,0.146956,2.15163
52.1159,0,0.2575,0.7199,0.745113,0.16591,2.1494
39.1209,0,0.0617,0.6149,0.74761,0.152838,2.15081
48.7453,0,0.0539,0.6345,0.748383,0.173598,2.15117
119.8955,0,0.1383,1.1029,0.740384,0.185345,2.15128
56.5467,0,0.1857,0.8992,0.740119,0.186271,2.15064
53.5188,0,0.1038,0.7518,0.751174,0.184648,2.15097
40.2547,0,0.1301,0.5993,0.750354,0.16241,2.14926
111.1541,0,0.3267,0.9265,0.726186,0.169389,2.15002
14.1443,0,0.2822,0.3629,0.741594,0.164567,2.14966
8.6097,0,0.0871,0.3088,0.738621,0.180573,2.15109
41.3923,0,0.1483,0.5672,0.731956,0.167192,2.14972
51.0894,0,0.0847,0.6648,0.735908,0.169494,2.15117
81.1054,0,0.1073,0.7839,0.740333,0.161065,2.14836
30.8679,0,0.0385,0.5325,0.750667,0.166839,2.14985
54.8995,0,0.1013,0.8524,0.74637,0.164978,2.1492
69.5383,0,0.6951,0.7571,0.754497,0.170069,2.14855
161.4288,0,0.2926,1.4755,0.736623,0.172333,2.14847
273.3709,0,0.2455,1.2522,0.73983,0.179563,2.14791
799.5491,0,0.7595,1.9825,0.733127,0.168942,2.14864
4.6477,0,0.0777,0.1701,0.747119,0.172608,2.14772
9.341,0,0.0546,0.2905,0.746105,0.163875,2.14872
15.022,0,0.0866,0.3064,0.754968,0.158533,2.14961
9.4219,0,0.1431,0.2647,0.745867,0.182512,2.14727
7.2233,0,0.0484,0.2266,0.740333,0.172613,2.14915
13.3801,0,0.0738,0.3342,0.733127,0.166861,2.1476
10.9002,0,0.0903,0.2834,0.739327,0.185123,2.14828
52.0365,0,0.9484,0.5047,0.737817,0.178725,2.14997
58.0446,0,0.19,0.5256,0.746612,0.180076,2.14671
25.5145,0,0.9169,0.4252,0.73983,0.170206,2.14822
8.2106,0,0.0598,0.3199,0.736308,0.174981,2.14822
17.0934,0,0.0852,0.3438,0.740333,0.143151,2.14787
2.7326,0,0.0813,0.1325,0.750922,0.172524,2.14683
9.1695,0,0.0394,0.3292,0.723172,0.162684,2.14937
17.0151,0,0.0723,0.3405,0.751943,0.177873,2.14735
18.4374,0,0.191,0.3666,0.741037,0.180469,2.14841
724.4517,0,0.6681,1.9033,0.725035,0.179919,2.1496
225.5111,0,0.4591,1.4053,0.74939,0.176829,2.14816
58.801,0,0.1328,0.6474,0.748133,0.175775,2.14776
11.007,0,0.0751,0.25,0.736811,0.191127,2.1483
2.5783,0,0.1244,0.1271,0.742027,0.138902,2.14177
3.5252,0,0.0924,0.1499,0.75349,0.16571,2.14239
13.0231,0,0.0939,0.2772,0.752272,0.151081,2.14177
7.2895,0,0.0838,0.2495,0.752423,0.13301,2.14267
3.2984,0,0.0154,0.1546,0.776515,0.203002,2.14173
19.6466,0,0.1708,0.3191,0.746447,0.154381,2.1416
3.7032,0,0.1439,0.1312,0.751742,0.16724,2.14115
8.5586,0,0.2805,0.1607,0.77873,0.203313,2.142
6.9594,0,0.4221,0.2251,0.749094,0.159503,2.14057
3.6045,0,0.1512,0.156,0.752957,0.169406,2.14192
2.123,0,0.0772,0.1279,0.74762,0.139261,2.14201
2.7495,0,0.0732,0.1442,0.71568,0.152944,2.14201
13.7913,0,0.2842,0.2619,0.750683,0.153737,2.14172
9.8693,0,0.3209,0.2296,0.730027,0.166947,2.14129
20.6216,0,0.0849,0.3155,0.748035,0.187314,2.14094
16.6344,0,0.13,0.3774,0.722283,0.15614,2.1407
7.6409,0,0.1435,0.2706,0.728976,0.208636,2.14119
6.1589,0,0.1662,0.1755,0.732718,0.155792,2.13971
6.0605,0,0.1902,0.2192,0.737383,0.161198,2.14028
2.5512,0,0.1701,0.1413,0.734232,0.172324,2.14089
4.8605,0,0.1841,0.1995,0.724854,0.157722,2.14023
9.3782,0,0.0588,0.3079,0.73835,0.166939,2.14067
38.6587,0,0.3084,0.5673,0.753026,0.24633,2.14057
34.0714,0,0.323,0.4239,0.750223,0.220311,2.13941
3.4535,0,0.0881,0.156,0.716113,0.173974,2.13899
2.6467,0,0.0394,0.1382,0.724784,0.176198,2.14009
5.3137,0,0.1436,0.2184,0.727987,0.151846,2.13897
3.5,0,0.3698,0.1408,0.724267,0.146822,2.13848
10.8206,0,0.2152,0.2651,0.720642,0.156024,2.13965
3.3711,0,0.0729,0.1702,0.731569,0.187489,2.13939
9.6564,0,0.1485,0.2747,0.728439,0.161894,2.13999
4.929,0,0.3006,0.1759,0.724267,0.162251,2.13891
7.3501,0,0.0633,0.2564,0.749094,0.148713,2.13862
11.5984,0,0.0543,0.3017,0.73835,0.137364,2.13902
3.1908,0,0.1043,0.1377,0.730526,0.132065,2.13959
33.0686,0,0.2371,0.5239,0.73686,0.135895,2.13809
13.1881,0,0.1074,0.405,0.754108,0.186485,2.1387
53.585,0,0.3707,0.6186,0.730004,0.147132,2.13794
13.291,0,0.1749,0.3238,0.727396,0.162517,2.13847
25.9227,0,0.4734,0.557,0.733656,0.150953,2.13786
25.9049,0,0.17,0.4898,0.72531,0.163618,2.13811
25.486,0,0.3881,0.3906,0.72218,0.151377,2.13745
3.7654,0,0.0983,0.1911,0.733134,0.143537,2.13711
9.8241,0,0.0991,0.2768,0.76474,0.207542,2.13706
6.9714,0,0.0791,0.2464,0.733181,0.133858,2.13656
10.1247,0,0.0597,0.3351,0.728439,0.160826,2.13659
31.9571,0,0.1555,0.5553,0.739488,0.162693,2.13769
67.3925,0,0.2523,0.9442,0.749755,0.150599,2.13662
832.9134,0,1.1918,2.7767,0.736334,0.133289,2.13656
1307.4694,0,0.9056,3.6338,0.744367,0.1814,2.13689
499.9033,0,0.3027,1.9616,0.744419,0.139486,2.13687
761.7872,0,0.8929,2.9062,0.730553,0.163827,2.13652
234.2061,0,0.324,1.6727,0.736384,0.163491,2.1366
218.8467,0,0.6977,1.5174,0.739488,0.177859,2.13609
35.1574,0,0.2914,0.514,0.750861,0.182071,2.13493
6.9085,0,0.1277,0.306,0.731569,0.133344,2.13685
261.1029,0,0.9465,1.9041,0.738503,0.132665,2.13553
391.9803,0,0.7624,2.3314,0.727396,0.155384,2.13528
437.3028,0,0.3854,2.0496,0.724267,0.15177,2.13604
72.9397,0,0.1831,0.702,0.749901,0.204591,2.13477
49.6798,0,0.1285,0.6686,0.73686,0.154745,2.13522
33.5127,0,0.03,0.5814,0.763238,0.231628,2.13304
90.965,0,0.6203,0.9298,0.719261,0.144871,2.13421
88.6109,0,0.208,0.6546,0.751487,0.19602,2.1355
40.1672,0,0.1455,0.5175,0.731618,0.171272,2.13498
57.0993,0,0.2432,0.6467,0.749901,0.159856,2.13497
23.1565,0,0.0912,0.5176,0.759983,0.188187,2.13502
141.551,0,0.2021,1.1145,0.736948,0.160151,2.13422
136.7472,0,0.2424,0.9417,0.744952,0.154462,2.13388
11.2032,0,0.3201,0.2786,0.719177,0.172736,2.13387
3.4843,0,0.2786,0.1763,0.740621,0.157287,2.13449
6.1585,0,0.2082,0.1936,0.722144,0.146986,2.13295
4.891,0,0.1095,0.2093,0.757046,0.220461,2.13357
3.904,0,0.043,0.1793,0.734813,0.15358,2.1332
16.6961,0,0.0746,0.4096,0.748215,0.185996,2.13227
17.4321,0,0.2253,0.3034,0.746639,0.130105,2.1316
21.9858,0,0.0461,0.5481,0.735325,0.150668,2.13001
74.0278,0,0.1229,0.8541,0.753026,0.174591,2.12992
28.3061,0,0.1182,0.5018,0.767099,0.168237,2.13138
22.2231,0,0.1088,0.3283,0.736384,0.102683,2.13047
17.8545,0,0.1956,0.3407,0.752017,0.122279,2.1321
951.5472,0,0.9873,1.7666,0.742818,0.115043,2.1301
104.5466,0,0.5935,1.0147,0.744419,0.134483,2.12922
19.0268,0,0.104,0.4716,0.759244,0.156924,2.12932
148.8492,0,0.2605,0.9833,0.727396,0.11821,2.12938
23.9678,0,0.0767,0.2619,0.703431,0.141591,2.12964
34.955,0,0.3131,0.4214,0.752099,0.133372,2.12946
12.2502,0,0.2527,0.2641,0.757087,0.133725,2.12988
6.2793,0,0.0651,0.272,0.738503,0.119081,2.12995
8.0617,0,0.1378,0.3071,0.78639,0.165454,2.12976
3.5982,0,0.0603,0.1728,0.774631,0.205888,2.12897
4.835,0,0.2677,0.2177,0.765485,0.193484,2.12987
37.3735,0,0.2478,0.6377,0.753199,0.147454,2.12862
53.4501,0,0.0938,0.8088,0.728441,0.148722,2.12871
23.3951,0,0.0554,0.2932,0.748155,0.195596,2.1304
175.4092,0,0.0994,1.3218,0.752032,0.201481,2.12885
153.4733,0,0.3128,1.2974,0.769762,0.161421,2.12371
47.1932,0,0.1559,0.5031,0.765108,0.163813,2.12238
103.0934,0,0.127,1.0735,0.77373,0.154527,2.12312
50.8498,0,0.0812,0.7494,0.770278,0.156139,2.12401
102.3444,0,0.1239,1.157,0.750967,0.147445,2.12283
132.7585,0,0.2029,1.2253,0.761069,0.150881,2.12298
163.146,0,0.1079,1.3002,0.758309,0.182834,2.12207
95.5633,0,0.1063,0.8828,0.740514,0.167688,2.12139
41.3377,0,0.1071,0.5726,0.719871,0.174383,2.12108
77.0271,0,0.2552,0.8272,0.750949,0.183721,2.12203
151.4006,0,0.4538,1.0406,0.743237,0.17739,2.12263
581.4643,0,1.3147,2.0389,0.741108,0.164586,2.12229
122.1609,0,0.2927,1.3346,0.735828,0.164577,2.12121
43.7245,0,0.1014,0.7298,0.72513,0.169218,2.1208
16.5447,0,0.1775,0.4025,0.752145,0.165923,2.12068
14.6656,0,0.2566,0.361,0.738909,0.173678,2.12031
7.5699,0,0.0517,0.2171,0.744405,0.150666,2.11875
5.0131,0,0.1285,0.188,0.742296,0.18807,2.12099
81.2888,0,0.163,0.7862,0.74716,0.150515,2.12118
23.4111,0,0.0489,0.3652,0.744945,0.188576,2.12041
9.8675,0,0.2067,0.2687,0.721472,0.199875,2.12115
1.7152,0,0.2136,0.0842,0.715311,0.134669,2.12019
5.3229,0,0.0673,0.195,0.730879,0.153786,2.11928
6.62,0,0.0535,0.2466,0.727819,0.176517,2.1206
14.6731,0,0.0539,0.3113,0.715602,0.1692,2.11861
6.446,0,0.0964,0.2106,0.74982,0.17691,2.11913
3.8398,0,0.1431,0.1888,0.733054,0.173243,2.11887
14.4682,0,0.0668,0.378,0.737466,0.198848,2.12002
50.3007,0,0.2392,0.6071,0.729673,0.155398,2.11945
45.7962,0,0.176,0.4878,0.736818,0.187209,2.11901
33.553,0,0.0591,0.4348,0.757795,0.169266,2.11886
4.5721,0,0.0349,0.2077,0.749901,0.161296,2.1201
160.9333,0,0.3025,1.3312,0.736818,0.187209,2.11857
187.6067,0,0.1251,1.4131,0.769172,0.192014,2.11931
67.2603,0,0.1311,0.7779,0.729673,0.161804,2.11966
151.5146,0,0.1767,0.7992,0.737191,0.17983,2.11961
20.2166,0,0.0474,0.407,0.742729,0.170417,2.11957
49.8754,0,0.2764,0.6676,0.742729,0.191159,2.11845
75.2476,0,0.3579,0.9458,0.764525,0.18477,2.11777
126.2215,0,0.1994,0.8276,0.766826,0.194951,2.11814
7.0605,0,0.0392,0.275,0.73781,0.197216,2.1149
13.0751,0,0.4969,0.2986,0.737261,0.193293,2.11714
12.9854,0,0.5015,0.3038,0.768023,0.204415,2.11695
66.695,0,0.1788,0.7732,0.769724,0.210151,2.1175
331.3723,0,0.2826,1.6404,0.732315,0.201261,2.11566
5.9387,0,0.0345,0.2225,0.729673,0.200676,2.11799
20.4396,0,0.2236,0.3591,0.732315,0.190448,2.11732
14.7801,0,0.0529,0.4849,0.741622,0.192584,2.11617
10.2904,0,0.0938,0.3099,0.732315,0.190448,2.11717
11.594,0,0.0282,0.2834,0.748794,0.19733,2.11686
5.1274,0,0.1849,0.2219,0.732315,0.197456,2.11616
435.6526,0,1.1681,1.8151,0.734421,0.186106,2.1166
128.5446,0,1.6622,1.1717,0.727492,0.194508,2.11673
48.7151,0,0.0718,0.7121,0.746586,0.198502,2.11675
16.453,0,0.1876,0.4408,0.752169,0.193602,2.11542
22.0318,0,0.1985,0.4088,0.767456,0.185854,2.116
14.143,0,0.0545,0.3006,0.748819,0.191346,2.1154
21.3505,0,0.2628,0.3729,0.75667,0.186722,2.1156
133.6916,0,0.1106,1.0558,0.737745,0.196362,2.11532
635.922,0,0.7323,1.7749,0.735612,0.196481,2.11524
502.1843,0,0.2699,1.9832,0,0,0
888.3466,0,0.9419,2.7827,0,0,0
420.8502,0,0.2469,1.7385,0,0,0
149.0654,1,0.0925,1.3424,0,0,0
839.4995,2,0.6482,2.7009,0,0,0
235.2415,2,1.1865,1.671,0,0,0
262.7157,3,3.8517,1.6346,0,0,0
523.6599,0,3.2961,2.1356,0,0,0
136.1945,13,0.4118,1.219,0,0,0
495.2639,0,0.7194,2.0162,0,0,0
754.745,10,0.8037,2.6262,0,0,0
598.6353,0,0.3557,2.3761,0,0,0
365.6464,7,0.2675,2.0536,0,0,0
376.0015,0,0.258,1.9598,0,0,0
254.4056,10,0.3745,1.7408,0,0,0
453.1956,0,0.3519,2.2257,0,0,0
356.2823,0,0.4281,2.0546,0,0,0
600.4995,0,0.8849,2.5639,0,0,0
733.2524,0,0.7936,2.2564,0,0,0
216.8011,0,0.1465,1.2424,0,0,0
399.6048,0,0.3972,1.9682,0,0,0
421.7607,0,0.5518,1.8693,0,0,0
314.7299,0,0.2287,1.49,0,0,0
744.392,0,0.3898,2.3751,0,0,0
853.118,0,0.552,2.8155,0,0,0
458.0492,0,1.214,1.9736,0,0,0
422.4397,0,0.4821,1.9829,0,0,0
504.0713,0,1.4014,2.2192,0,0,0
491.0051,0,1.4358,1.9304,0,0,0
538.2843,0,1.5444,2.2576,0,0,0
291.305,0,0.1602,1.6296,0,0,0
538.6773,0,1.9887,2.4078,0,0,0
175.1065,0,0.1481,1.5728,0,0,0
409.1461,0,0.3706,1.881,0,0,0
795.0927,0,2.1222,2.6438,0,0,0
573.3875,0,0.5257,2.1196,0,0,0
454.8297,0,0.6159,2.244,0,0,0
764.2749,0,0.3773,2.6307,0,0,0
257.6261,0,0.3698,1.7803,0,0,0
207.0154,0,0.1986,1.2991,0,0,0
156.9937,0,0.1314,1.3981,0,0,0
505.7959,0,0.3616,2.5063,0,0,0
814.2211,0,0.4497,2.6625,0,0,0
594.6892,0,0.4147,2.2706,0,0,0
326.7156,0,0.5615,2.1379,0,0,0
277.2567,0,0.1709,1.624,0,0,0
369.9983,0,0.1638,1.8168,0,0,0
431.1154,0,0.2457,2.2547,0,0,0
220.58,0,0.2537,1.4303,0,0,0
703.7476,0,0.7255,2.5619,0,0,0
487.18,0,0.4438,2.1772,0,0,0
253.3288,0,0.2429,1.623,0,0,0
244.4091,0,0.4456,1.6244,0,0,0
630.1346,0,0.703,2.2726,0,0,0
395.8669,0,0.7031,1.9162,0,0,0
1217.5399,0,0.6387,3.6012,0,0,0
215.8269,0,0.4362,1.2816,0,0,0
979.5972,0,0.532,2.6728,0,0,0
461.6323,0,0.4202,2.0295,0,0,0
264.8961,0,1.0793,1.6706,0,0,0
420.0165,0,0.2251,1.9629,0,0,0
287.6653,0,0.1942,1.8161,0,0,0
715.2158,0,0.9507,2.7678,0,0,0
253.6319,0,0.2502,1.7278,0,0,0
1175.0999,0,0.8254,3.3929,0,0,0
1448.4486,0,1.0503,3.7463,0,0,0
470.5699,0,0.5048,2.2514,0,0,0
744.4467,0,2.9509,2.7454,0,0,0
273.9967,0,4.3353,1.5936,0,0,0
370.7087,0,4.5053,1.5261,0,0,0
759.8525,0,0.9049,2.2999,0,0,0
856.0179,0,0.8557,2.1675,0,0,0
976.9894,0,0.7445,2.5796,0,0,0
776.6718,0,1.103,2.1793,0,0,0
989.4537,0,0.7871,2.7582,0,0,0
546.238,1,0.371,2.5304,0,0,0
423.6938,0,0.2715,2.2785,0,0,0
202.4809,0,0.1607,1.4205,0,0,0
406.1879,0,0.316,2.209,0,0,0
757.39,0,0.4542,2.8762,0,0,0
247.2459,0,0.4932,1.424,0,0,0
143.4658,0,0.414,1.0641,0,0,0
237.7199,0,0.2542,1.4434,0,0,0
625.3181,0,1.0669,2.1833,0,0,0
217.9098,0,0.6857,1.5678,0,0,0
414.5721,0,0.5403,1.5896,0,0,0
336.0113,0,0.3076,2.0647,0,0,0
548.666,0,0.7291,2.5355,0,0,0
100.3932,0,0.0948,1.1208,0,0,0
377.927,0,0.7267,1.602,0,0,0
449.1449,0,0.5348,1.9703,0,0,0
800.0666,0,0.4128,2.5139,0,0,0
370.1578,0,0.2951,2.0038,0,0,0
959.4626,0,0.6968,3.0438,0,0,0
232.0184,0,0.202,1.6354,0,0,0
370.3542,0,0.8658,1.8223,0,0,0
291.7934,0,0.2259,1.7331,0,0,0
371.1318,0,1.188,1.9716,0,0,0
346.6665,0,0.7337,2.1187,0,0,0
354.6195,0,0.2394,2.1166,0,0,0
1379.4904,0,0.7851,3.2426,0,0,0
628.0387,0,0.7083,2.0557,0,0,0
373.2396,0,0.8026,1.9005,0,0,0
893.6583,0,0.8984,2.1915,0,0,0
532.4542,0,0.9357,2.347,0,0,0
656.1375,0,0.5234,2.1483,0,0,0
209.9294,0,0.5193,1.2716,0,0,0
457.5774,0,0.5348,1.9458,0,0,0
447.0985,0,0.715,1.7899,0,0,0
549.8418,0,0.6629,2.2506,0,0,0
201.0549,0,0.2724,1.6881,0,0,0
452.6336,0,0.4471,2.169,0,0,0
317.7548,0,0.4385,1.7484,0,0,0
299.8992,0,0.5132,1.8072,0,0,0
203.8672,0,0.4488,1.49,0,0,0
403.4608,0,0.4273,2.2097,0,0,0
693.2726,6,0.9241,2.355,0,0,0
510.3295,0,0.2735,2.1458,0,0,0
545.0064,0,0.3548,2.1865,0,0,0
393.9277,0,0.6589,1.8206,0,0,0
385.6088,0,0.1975,1.8594,0,0,0
257.3303,0,0.2803,1.667,0,0,0
343.0887,0,0.2275,1.8133,0,0,0
366.1938,0,0.9641,1.9917,0,0,0
154.833,0,0.1062,1.1768,0,0,0
189.5911,0,0.3114,1.6323,0,0,0
339.3596,0,0.7978,1.9534,0,0,0
199.9393,0,0.3681,1.5657,0,0,0
203.6878,0,0.6875,1.5284,0,0,0
337.7774,0,0.2541,1.7974,0,0,0
275.7361,0,0.3301,1.5247,0,0,0
222.0274,0,0.1441,1.4065,0,0,0
107.4983,0,0.3691,1.2515,0,0,0
157.4703,0,0.471,1.3265,0,0,0
214.6978,0,0.5985,1.3958,0,0,0
298.2448,0,0.2766,1.9351,0,0,0
1586.4359,0,0.8327,3.4651,0,0,0
145.7768,0,0.0939,1.0073,0,0,0
126.8318,0,0.0835,1.0914,0,0,0
1038.6942,0,0.4396,2.8656,0,0,0
529.6149,0,0.7202,2.0988,0,0,0
542.585,0,0.9051,1.9207,0,0,0
502.7482,0,0.4112,2.2074,0,0,0
439.73,0,0.4927,1.9286,0,0,0
729.528,0,0.3144,2.3501,0,0,0
161.4572,0,0.2657,1.479,0,0,0
217.2423,0,0.3549,1.4401,0,0,0
399.4841,0,0.6824,1.709,0,0,0
790.2581,0,0.4333,2.6772,0,0,0
278.4285,0,0.2189,1.5367,0,0,0
599.9247,0,0.4725,2.55,0,0,0
424.6486,0,0.7301,1.9545,0,0,0
259.3429,0,0.1983,1.5798,0,0,0
151.7077,0,0.2616,1.4781,0,0,0
315.122,0,0.3594,1.7496,0,0,0
529.6942,0,0.5616,2.4059,0,0,0
271.0174,8,0.377,1.4211,0,0,0
393.1885,5,0.3409,1.7963,0,0,0
206.9556,0,0.1111,1.4897,0,0,0
756.1979,0,0.4827,2.5548,0,0,0
346.6925,0,0.4686,1.8916,0,0,0
436.8973,0,0.8327,2.1724,0,0,0
474.8214,0,0.4232,2.0148,0,0,0
520.2431,0,1.3871,2.08,0,0,0
213.9157,0,0.3132,1.5405,0,0,0
445.5995,0,0.4895,2.0416,0,0,0
333.316,0,0.5094,1.6927,0,0,0
412.6531,0,1.4985,1.6581,0,0,0
323.214,0,0.4771,1.8241,0,0,0
372.2647,0,0.6556,1.7367,0,0,0
315.635,0,0.4028,2.1236,0,0,0
173.4958,0,0.4464,1.2495,0,0,0
282.2174,0,0.2885,1.7758,0,0,0
794.9528,0,0.7207,3.2696,0,0,0
825.5258,0,0.5829,2.8064,0,0,0
954.6179,11,0.4487,3.2059,0,0,0
223.9232,22,0.7849,1.5736,0,0,0
521.1824,26,0.9335,2.2345,0,0,0
749.2701,1,0.6356,2.3579,0,0,0
938.6525,28,0.4732,3.2161,0,0,0
605.8663,1,0.3034,2.1609,0,0,0
503.8392,37,0.2253,1.9824,0,0,0
527.4259,0,1.0033,2.4087,0,0,0
336.0384,18,0.2075,1.8188,0,0,0
533.308,10,0.8887,1.9412,0,0,0
261.9108,0,0.742,1.5281,0,0,0
710.0928,0,0.4227,2.6053,0,0,0
296.7032,0,0.3881,1.6616,0,0,0
175.97,0,0.361,1.2021,0,0,0
737.5805,0,0.4629,2.4474,0,0,0
528.2599,0,0.6755,2.1803,0,0,0
388.1442,0,0.264,2.1653,0,0,0
385.6374,0,0.3781,1.9092,0,0,0
238.3029,0,0.2619,1.4505,0,0,0
929.7684,0,0.4792,2.4657,0,0,0
642.3284,19,0.2786,2.2982,0,0,0
378.8312,0,0.2969,1.9138,0,0,0
130.0845,24,0.1125,1.2756,0,0,0
386.7432,0,0.461,2.0468,0,0,0
154.7625,0,0.2762,1.3838,0,0,0
626.007,1,0.2863,2.3993,0,0,0
345.3289,12,0.8169,1.6858,0,0,0
236.6546,7,0.1263,1.302,0,0,0
686.046,1,0.4715,2.5367,0,0,0
731.2858,21,0.6188,2.6955,0,0,0
256.8282,0,0.1742,1.412,0,0,0
56.1539,0,0.1846,0.8327,0,0,0
190.8539,0,0.2218,1.5417,0,0,0
547.0034,0,0.2714,2.1527,0,0,0
292.6299,8,0.818,1.88,0,0,0
594.8418,11,0.8784,2.4811,0,0,0
238.1386,11,0.1574,1.4781,0,0,0
178.6328,1,0.3588,1.5235,0,0,0
268.4429,13,0.2215,1.4555,0,0,0
355.4537,0,0.5856,1.5151,0,0,0
163.3275,11,0.2014,1.373,0,0,0
257.6211,3,0.2681,1.35,0,0,0
313.3034,11,2.7728,1.6657,0,0,0
335.8712,1,0.322,1.7866,0,0,0
256.8083,16,0.3368,1.4915,0,0,0
357.1166,0,1.1714,1.6855,0,0,0
225.4271,0,0.4496,1.4383,0,0,0
381.2168,0,0.3626,1.7202,0,0,0
1295.1644,0,0.5337,2.7906,0,0,0
271.7153,0,0.8765,1.5672,0,0,0
272.2975,0,0.259,1.5932,0,0,0
1045.0721,0,0.5441,2.6833,0,0,0
551.1127,0,0.6466,2.4408,0,0,0
1009.1378,0,0.4942,2.7415,0,0,0
296.2303,0,0.2091,1.8718,0,0,0
269.621,0,0.2469,1.6722,0,0,0
259.2265,0,0.1238,1.7342,0,0,0
453.0735,0,0.2421,2.0717,0,0,0
1284.1185,0,0.7051,3.2397,0,0,0
703.1349,4,0.3438,3.0526,0,0,0
115.6703,2,0.2031,1.1456,0,0,0
682.2963,6,0.735,2.6092,0,0,0
298.2874,6,0.22,1.3318,0,0,0
965.3073,0,0.8561,2.8677,0,0,0
569.7182,0,0.4238,2.6473,0,0,0
568.6747,0,0.3674,2.303,0,0,0
1032.0005,0,0.7116,2.9855,0,0,0
278.7949,0,0.1964,1.5503,0,0,0
447.1469,0,0.4789,1.9248,0,0,0
345.5516,0,0.2705,1.8394,0,0,0
634.437,0,0.9187,1.5935,0,0,0
437.7078,0,0.2212,1.7417,0,0,0
162.4317,0,0.1957,1.2894,0,0,0
187.8649,0,0.2622,1.5522,0,0,0
155.048,0,0.1243,1.4036,0,0,0
165.6031,0,0.1191,1.3522,0,0,0
487.0101,0,0.2913,1.9954,0,0,0
315.5781,0,0.1866,1.5516,0,0,0
440.8288,0,0.8412,1.8673,0,0,0
576.2947,0,0.6698,1.9382,0,0,0
198.4776,0,0.7805,1.0963,0,0,0
182.1211,0,0.2381,1.3897,0,0,0
243.2312,0,0.1948,1.5008,0,0,0
336.9547,0,0.3419,1.5716,0,0,0
871.7614,0,1.853,2.667,0,0,0
334.6954,0,0.5611,1.9987,0,0,0
552.6138,0,0.3909,2.2794,0,0,0
106.5309,0,2.7352,0.8361,0,0,0
303.1199,0,0.7589,1.3726,0,0,0
179.0807,0,0.5457,1.3724,0,0,0
179.2004,0,0.1672,1.0901,0,0,0
173.1091,0,0.1879,1.0395,0,0,0
207.3968,0,0.1404,1.3439,0,0,0
116.8432,0,0.2827,0.9765,0,0,0
74.4501,0,1.7815,0.7894,0,0,0
305.2971,0,0.6451,1.8143,0,0,0
381.786,0,0.4512,1.8941,0,0,0
130.4999,1,0.1558,1.0123,0,0,0
158.304,0,0.1691,1.2141,0,0,0
187.6625,0,0.1691,1.3248,0,0,0
50.0426,0,0.2707,0.6722,0,0,0
109.2539,0,0.2131,0.9852,0,0,0
131.8603,0,0.6347,0.9279,0,0,0
105.8193,0,0.1543,0.9549,0,0,0
292.0925,0,0.2495,1.8049,0,0,0
656.0792,0,0.401,2.5087,0,0,0
257.8819,0,0.449,1.6328,0,0,0
132.1665,0,0.1881,1.3055,0,0,0
534.1973,0,0.3879,1.9693,0,0,0
831.6935,0,0.8,2.6168,0,0,0
234.6979,0,0.1475,1.6843,0,0,0
431.0977,0,0.189,2.0535,0,0,0
367.0641,0,0.4357,1.797,0,0,0
218.7277,0,0.1369,1.4292,0,0,0
163.7289,0,0.9117,1.4395,0,0,0
76.9625,0,0.2431,1.0263,0,0,0
280.5866,0,1.3037,1.6647,0,0,0
429.9252,0,0.8899,2.1551,0,0,0
391.468,0,1.5436,1.877,0,0,0
386.3859,0,0.7907,1.9365,0,0,0
1103.2139,0,0.6592,3.2259,0,0,0
573.0665,0,0.3775,2.4304,0,0,0
140.0482,0,0.1732,1.1686,0,0,0
244.5823,0,0.3341,1.5714,0,0,0
504.5481,0,0.3401,2.4325,0,0,0
466.7957,0,0.3517,2.2768,0,0,0
463.7984,0,0.5699,2.1823,0,0,0
162.9436,0,0.136,1.0933,0,0,0
254.9478,0,0.3644,1.7458,0,0,0
183.4649,0,0.8614,1.4473,0,0,0
927.5286,0,0.9785,3.0247,0,0,0
463.955,0,0.8536,2.4514,0,0,0
441.162,0,0.3092,2.055,0,0,0
698.736,0,0.347,2.2737,0,0,0
285.9145,0,0.1624,1.6212,0,0,0
1068.0212,0,0.5014,2.6534,0,0,0
785.1456,0,0.3911,2.4563,0,0,0
678.0527,0,0.3965,2.3412,0,0,0
304.9091,0,0.2425,1.8344,0,0,0
247.5906,0,0.5353,1.6117,0,0,0
560.2483,0,0.4191,2.5517,0,0,0
490.4247,0,0.2722,2.1979,0,0,0
592.5731,0,2.3113,2.4395,0,0,0
570.7795,0,0.9957,2.3296,0,0,0
402.6633,0,0.2581,2.3074,0,0,0
100.069,0,0.0527,1.1229,0,0,0
186.2569,0,0.0931,1.4196,0,0,0
483.7826,0,0.8967,1.9793,0,0,0
244.5758,0,1.0937,1.682,0,0,0
283.4606,0,0.7798,1.6752,0,0,0
218.5121,0,0.4732,1.5679,0,0,0
152.1892,0,0.1334,1.182,0,0,0
188.1507,0,0.5875,1.3358,0,0,0
174.3132,0,0.3148,1.414,0,0,0
172.4435,0,0.1649,1.388,0,0,0
627.5981,0,0.7098,2.4653,0,0,0
222.3172,0,0.2893,1.7309,0,0,0
458.9398,0,0.4068,2.4205,0,0,0
572.5903,0,0.4848,1.8212,0,0,0
565.2984,0,0.8282,2.4753,0,0,0
1023.7501,0,1.0743,3.1807,0,0,0
411.3994,0,0.2645,2.297,0,0,0
1271.1919,1,0.5519,3.3244,0,0,0
309.2929,0,0.2659,1.9194,0,0,0
738.1841,0,0.4696,2.6232,0,0,0
96.0603,0,0.0725,1.1231,0,0,0
591.0977,0,1.0004,2.1058,0,0,0
185.4709,0,0.1789,1.2846,0,0,0
333.5999,0,0.4794,2.0047,0,0,0
321.8229,0,0.581,1.83,0,0,0
277.4849,0,0.3642,1.4596,0,0,0
876.3423,0,0.4748,2.4065,0,0,0
556.2948,0,0.667,1.9906,0,0,0
942.4788,0,0.5466,3.1981,0,0,0
433.0587,0,0.2237,2.207,0,0,0
163.1844,7,2.5316,1.2818,0,0,0
1028.5948,0,0.9392,2.7986,0,0,0
173.7566,0,0.2059,1.3783,0,0,0
211.8787,0,0.3835,1.5025,0,0,0
551.01,0,0.7416,2.376,0,0,0
407.9544,0,0.8905,2.2291,0,0,0
569.9662,0,0.3512,2.0863,0,0,0
670.2663,0,0.523,2.0095,0,0,0
118.1718,7,0.2056,1.1591,0,0,0
241.688,9,0.7054,1.5689,0,0,0
248.7135,3,0.2732,1.6885,0,0,0
555.4476,17,0.4069,2.5947,0,0,0
526.4538,0,0.8057,2.373,0,0,0
173.9056,9,0.1293,1.405,0,0,0
387.1161,4,0.1758,1.8699,0,0,0
174.9721,9,0.1136,1.1759,0,0,0
108.9061,8,0.0896,1.1255,0,0,0
157.0075,0,0.3582,1.3474,0,0,0
84.6924,16,0.4524,0.9974,0,0,0
333.2841,7,0.3653,1.6494,0,0,0
479.5879,0,0.4136,2.2352,0,0,0
936.1069,0,0.9447,2.6587,0,0,0
382.1,0,0.5852,2.1739,0,0,0
269.7999,0,0.3665,1.7571,0,0,0
229.7892,0,0.1966,1.5716,0,0,0
227.3497,0,0.2441,1.3799,0,0,0
510.2161,0,0.4752,1.974,0,0,0
83.6186,0,0.4817,0.9497,0,0,0
201.7518,0,0.5695,1.6257,0,0,0
482.246,0,0.3289,2.2569,0,0,0
564.1578,0,0.3045,1.9972,0,0,0
493.6233,0,0.3748,2.2756,0,0,0
429.1964,0,0.2462,1.8571,0,0,0
418.2123,0,0.3798,1.97,0,0,0
327.0394,0,0.2792,1.8076,0,0,0
589.3851,0,0.6459,2.4633,0,0,0
324.2184,0,0.3689,1.7937,0,0,0
466.2666,0,0.425,1.8859,0,0,0
896.0567,0,0.4355,3.2783,0,0,0
437.7029,0,0.315,2.4509,0,0,0
142.0268,0,0.1694,1.2645,0,0,0
263.6012,0,0.1349,1.7463,0,0,0
585.0517,0,0.3475,2.4105,0,0,0
287.9925,0,0.4125,1.6009,0,0,0
1403.0171,0,0.9119,2.4866,0,0,0
496.3603,0,0.8443,1.298,0,0,0
452.4489,0,1.5368,2.2828,0,0,0
433.4534,0,0.5178,2.3092,0,0,0
317.3733,0,0.3649,1.7453,0,0,0
1007.1157,0,0.6464,2.8224,0,0,0
230.955,0,1.1655,1.3785,0,0,0
173.6316,0,0.6693,1.1492,0,0,0
116.8573,0,0.4047,1.0938,0,0,0
246.0419,0,0.5324,1.4468,0,0,0
272.3141,0,0.2985,1.6209,0,0,0
152.4608,0,0.7258,1.1329,0,0,0
383.0196,0,0.2236,1.7096,0,0,0
1069.3627,0,1.1862,3.3378,0,0,0
224.1974,0,0.3685,1.6288,0,0,0
582.2843,0,0.427,2.256,0,0,0
427.5705,0,0.3078,2.1077,0,0,0
323.0825,0,0.439,1.9524,0,0,0
248.3005,0,1.599,1.4279,0,0,0
252.8832,0,0.1908,1.5907,0,0,0
482.5667,0,0.8618,2.0565,0,0,0
175.9685,0,0.1829,1.4084,0,0,0
261.9662,0,0.4221,1.5087,0,0,0
200.0075,0,0.2231,1.1886,0,0,0
293.2269,0,0.3604,1.5136,0,0,0
410.6123,0,0.6683,1.4386,0,0,0
427.7341,0,0.2066,1.6983,0,0,0
289.6116,0,0.6585,1.691,0,0,0
569.3403,0,0.4535,1.8276,0,0,0
516.6642,0,0.4313,1.9672,0,0,0
545.276,0,0.4157,1.4788,0,0,0
958.5274,0,1.2424,2.271,0,0,0
282.4268,0,0.3555,1.4593,0,0,0
849.2666,0,0.5562,2.3724,0,0,0
815.0177,0,1.0169,2.2468,0,0,0
142.2532,0,0.0835,1.3593,0,0,0
435.009,0,0.4531,1.8375,0,0,0
365.2254,0,0.3069,1.815,0,0,0
591.1658,0,0.3975,2.0902,0,0,0
307.8565,0,0.2271,1.7308,0,0,0
730.6946,0,0.9225,2.5748,0,0,0
685.9114,0,0.6674,2.173,0,0,0
695.4499,0,0.3948,2.4305,0,0,0
683.7825,0,0.7436,2.6299,0,0,0
44.1425,0,0.5199,0.6917,0,0,0
243.8471,0,2.5436,1.401,0.333179,0.220702,1.92715
448.4542,0,0.6799,2.1165,0,0,0
384.9185,0,0.3314,1.7586,0.361448,0.285886,1.91
144.8274,0,0.3254,1.2235,0.380946,0.505275,2.07001
184.3365,0,0.4246,1.5594,0.487877,0.335088,1.93231
369.6708,0,0.473,1.8324,0.377389,0.368202,1.89124
674.2235,0,0.7937,2.99,0.377546,0.449468,2.05806
452.3816,0,0.6134,2.0639,0,0,0
376.7015,0,0.3181,1.7309,0.366367,0.263761,1.93948
168.8684,0,0.8893,1.3233,0.378696,0.398277,2.04464
382.4536,0,0.4804,1.9779,0.545362,0.411736,1.89909
209.4128,0,1.1293,1.566,0.354501,0.335413,1.93201
75.0145,0,0.5681,0.9574,0.373665,0.477476,2.10876
125.648,0,0.5285,1.2417,0.226621,0.227956,2.07663
235.2609,0,0.3826,1.577,0.348877,0.44171,1.87944
655.3901,0,0.6517,2.3691,0.373674,0.434303,2.08096
275.5917,0,0.2371,1.7428,0,0,0
133.0674,0,0.099,1.2518,0.426496,0.342987,1.89865
323.4749,0,0.1724,1.7708,0.348381,0.328946,2.04832
99.6149,0,0.2412,0.9547,0,0,0
356.3199,0,0.352,1.7663,0.366492,0.402371,1.93589
610.7892,0,0.2519,2.2898,0.347904,0.251336,1.9481
55.3098,0,0.0326,0.8383,0,0,0
654.3671,0,0.3782,2.4707,0.324975,0.520544,1.91322
734.5751,0,2.9313,2.1362,0.255966,0.385847,2.05986
214.6026,0,0.6708,1.3691,0.392206,0.606647,2.13798
385.3316,0,0.5053,1.7292,0.387477,0.450298,1.91357
122.3015,0,0.0772,0.8894,0.348149,0.254462,2.01552
297.3667,0,0.7242,1.5874,0.493866,0.458859,2.16082
74.5112,0,0.2402,0.8552,0.306885,0.524728,1.92136
74.343,0,0.3922,0.7168,0.302757,0.202702,1.95318
49.1726,0,0.8815,0.7819,0.54161,0.539472,2.11783
163.8262,0,0.7626,1.1262,0.331998,0.527682,1.96522
266.7791,0,0.6946,1.5953,0.45908,0.348558,1.83208
370.8826,0,1.4494,1.9452,0.449509,0.557894,2.09919
266.4724,0,0.4143,1.5223,0.393855,0.470269,1.935
50.2871,0,0.0524,0.8099,0.334556,0.23958,1.9708
164.8248,0,0.1743,1.4865,0.486757,0.492412,2.10462
321.6911,0,0.553,1.5522,0.393593,0.459718,1.88169
148.7186,0,0.2568,1.1798,0.324669,0.22468,1.99294
78.981,0,0.1218,0.9017,0.49347,0.449014,2.11838
111.9205,0,0.1788,1.1864,0.333935,0.489826,1.88464
172.3159,0,0.2036,1.4369,0.276722,0.222452,1.97483
280.1183,0,0.843,1.3991,0,0,0
138.6448,0,0.3764,1.1402,0.335022,0.53255,1.88039
343.8426,0,0.4659,1.7869,0.300257,0.226572,2.02371
637.1042,0,0.6813,2.3816,0.656424,0.384478,2.07747
488.0188,0,0.5382,2.3424,0.320625,0.537453,1.91127
421.507,0,0.2545,2.0081,0.367762,0.346671,2.04816
331.9799,0,0.4953,1.7291,0.392941,0.224764,2.12218
123.6857,0,0.1282,1.281,0.406298,0.366191,1.93932
430.4447,0,0.4966,2.0165,0.316447,0.332092,2.02531
446.3659,0,0.4275,2.0067,0,0,0
267.7179,0,0.2966,1.5154,0.339548,0.369028,1.97559
98.9837,0,0.128,1.0921,0.331562,0.319265,2.02169
560.6485,0,0.7551,1.8732,0.195485,0.441652,2.05554
179.5955,0,0.5938,1.2281,0.335323,0.507812,1.94767
86.5763,0,0.2469,0.8274,0.320663,0.355788,2.14828
206.1715,0,0.8476,1.3311,0.210657,0.6659,2.20666
141.2899,0,0.4994,0.9969,0.220553,0.496325,1.96469
202.2503,0,0.8882,1.1884,0.144223,0.235472,2.01497
108.4025,0,0.2104,0.9754,0,0,0
376.1873,0,1.0403,1.901,0.214169,0.431898,2.00843
322.0612,0,0.2426,1.648,0.172893,0.190419,2.11365
675.0721,0,0.6249,1.978,0,0,0
203.3911,0,0.6731,1.2868,0.276676,0.398494,1.99444
148.3619,0,0.2131,1.2475,0.150913,0.36008,2.09879
230.3973,0,0.1623,1.4781,0,0,0
109.4216,0,0.7558,1.0186,0.30541,0.462965,1.9528
55.5273,0,0.1635,0.8074,0.217812,0.502041,2.14058
233.1554,0,1.0011,1.3638,0,0,0
220.1348,0,0.9178,1.4383,0.276989,0.39736,2.00176
71.9736,0,1.2522,0.8441,0.39339,0.484023,2.13783
79.7854,0,0.706,0.9387,0.487499,0.493888,1.98938
208.0875,0,0.6545,1.679,0.256605,0.368628,2.03854
1163.9432,0,0.5202,2.9371,0.182422,0.494229,2.15147
377.9443,0,0.6976,1.7939,0.424377,0.486627,1.99509
101.5465,0,0.7685,1.0631,0.231468,0.216283,1.99962
64.6293,0,1.0541,0.7466,0.259586,0.321313,2.18554
412.976,0,0.2198,1.7167,0.233093,0.4475,2.02096
102.8282,0,0.162,1.0245,0.167481,0.246025,2.00364
123.3085,1,0.2663,1.1555,0.237624,0.35877,2.14468
76.6881,0,0.1371,0.8848,0.244109,0.495978,1.94936
344.9502,0,0.2883,2.1142,0.186714,0.332883,2.04743
639.9753,0,0.4936,2.4261,0.406722,0.350539,2.02512
116.9301,0,0.1907,0.8969,0.227503,0.319888,2.00636
90.7389,0,0.6667,0.7588,0.185706,0.437308,2.1941
295.9066,0,1.5684,1.4082,0.259258,0.5152,1.97252
262.6908,0,0.6504,1.7209,0.207537,0.334129,2.09879
75.5922,0,0.4448,0.8922,0.217072,0.546951,2.02651
200.0071,0,0.2374,1.2334,0.230559,0.344264,2.0191
87.2501,0,1.9627,0.9975,0.150146,0.417217,2.18942
273.4709,0,1.1616,1.7311,0.281304,0.449442,2.02809
407.95,0,6.0954,1.7084,0.103511,0.305866,2.07219
71.5663,0,1.3839,0.8061,0.452641,0.104121,2.07101
830.0109,0,1.1353,2.4077,0.199509,0.412076,2.02871
1469.7388,0,1.0226,3.4728,0.192936,0.462153,2.18376
759.644,0,0.5182,2.8284,0.246246,0.545195,2.12579
671.0189,0,0.7884,2.3576,0.256418,0.39263,1.99552
354.3615,0,0.2351,1.9033,0.234397,0.321469,2.15951
1196.5868,0,1.1649,3.418,0.291815,0.450179,1.95767
197.8051,0,0.3903,1.591,0.206698,0.402434,2.15861
211.6756,0,0.1184,1.6794,0.441344,0.59332,2.00681
367.8768,0,0.5934,1.5615,0.309867,0.218341,1.98251
753.8502,0,0.4394,1.8759,0,0,0
305.1916,0,0.5081,1.8026,0.364767,0.423338,1.93519
172.6599,0,1.7311,1.2918,0.3689,0.488853,2.13838
899.6561,0,1.4668,2.7605,0.432157,0.534697,2.01836
562.733,0,0.825,2.0465,0.352812,0.257815,1.98042
453.8138,0,0.5423,2.186,0,0,0
688.8225,0,0.7341,2.7018,0.35687,0.2616,1.96952
720.3093,0,1.5629,2.4621,0.32047,0.491257,2.11688
596.5415,0,0.4453,2.1455,0.349819,0.528224,1.96081
834.7328,0,1.0405,2.3056,0.39901,0.351011,2.01933
1304.309,0,1.0458,3.0314,0,0,0
741.8716,0,0.6542,2.5732,0.3387,0.305389,1.98255
689.8116,0,0.687,2.4314,0.457522,0.499327,2.12231
175.8509,0,0.1614,1.4417,0.329526,0.533654,1.9065
162.904,0,0.2298,1.2374,0.385783,0.398619,2.05654
311.8781,0,0.3084,2.02,0.535497,0.459435,1.97851
312.1412,0,0.4818,1.7572,0.390117,0.207618,1.87726
411.3266,0,0.2969,1.5615,0.479861,0.546395,2.07662
543.4745,0,0.4522,2.0703,0.373162,0.459188,1.86526
709.8588,0,0.9139,2.6252,0.39274,0.451892,2.08352
674.9286,0,0.3215,2.2413,0.454907,0.523444,1.97744
204.6164,0,0.2823,1.3407,0.404463,0.273862,1.9266
399.7528,0,1.3114,1.6714,0,0,0
919.7736,0,0.5223,2.2009,0.427375,0.325311,1.90328
687.6698,0,0.3756,2.3394,0.497689,0.432564,2.10796
693.3392,0,0.6947,2.1242,0.32604,0.522551,1.89746
731.851,0,0.2954,2.3712,0.421279,0.399761,1.99778
106.1293,0,0.1303,1.0258,0.474593,0.218269,1.92039
944.8795,0,0.5167,2.7955,0.322727,0.222298,1.95576
237.3622,0,0.3988,1.6702,0.484417,0.585085,2.11577
92.8761,0,0.5598,0.9721,0.413586,0.478861,1.8681
573.3056,0,1.4232,2.4455,0.399586,0.450795,2.09636
287.2307,0,0.2437,1.6773,0.464096,0.566444,1.94925
1116.5939,0,0.4999,2.4922,0.276121,0.391197,1.80565
560.5319,0,0.2659,2.4822,0,0,0
235.6647,0,0.4378,1.4737,0.424517,0.407363,1.91137
94.1723,0,0.2773,1.0966,0.306912,0.428155,2.08349
338.8498,0,1.233,1.798,0.363683,0.567973,1.95867
871.1107,0,0.889,2.5369,0.397576,0.214225,1.87244
148.4587,0,0.4507,1.4374,0.53819,0.509174,2.07578
1020.9763,0,0.4936,2.75,0.436896,0.428778,1.84182
469.306,1,0.3491,2.0462,0.393704,0.485048,2.11524
76.3366,0,0.0502,0.9687,0.452103,0.535011,1.99679
226.2475,0,0.5938,1.3531,0.388881,0.250361,1.95006
116.925,0,1.4174,1.0941,0,0,0
171.0482,0,1.6273,1.4211,0.399642,0.417445,1.93406
240.9555,0,0.3838,1.7069,0.334906,0.486454,2.12279
552.1984,0,0.9131,2.4019,0.42388,0.45146,1.9824
383.6248,0,0.5413,1.8807,0.134392,0.310114,2.04015
368.4941,0,0.4526,2.0511,0.286247,0.54597,2.14806
271.4619,0,0.1469,1.7346,0.40762,0.375812,1.95387
1098.1892,0,0.6526,2.5657,0.304076,0.452309,2.0999
520.0583,0,0.8223,1.9113,0.492747,0.580864,1.99028
66.3472,0,0.3719,0.7412,0.264384,0.216901,1.9663
40.8085,0,0.4615,0.5616,0.13789,0.433682,2.15628
27.55,0,0.5295,0.521,0.326896,0.458437,1.93478
145.2145,0,3.6362,1.2537,0.308235,0.334638,2.03691
165.461,0,1.1977,1.3742,0.446333,0.526668,1.97754
118.4165,0,0.484,1.0853,0.218209,0.280862,2.00932
269.982,0,0.4127,1.353,0.2563,0.517375,2.14187
891.5527,0,0.6385,2.1626,0.314578,0.530041,1.91107
552.2471,0,0.306,2.4708,0.237803,0.498348,2.11079
610.9871,0,1.3684,2.4475,0.378537,0.578764,1.94553
293.8317,0,0.546,1.7316,0.126138,0.198017,2.02875
309.0777,0,0.2515,1.7959,0.0664113,0.711013,2.10733
317.4055,0,0.3322,1.6433,0.21747,0.409404,1.9258
708.6835,0,1.7542,2.2643,0.132274,0.490076,2.07043
494.7912,0,1.6666,2.0819,0.141073,0.747059,1.96814
475.9986,0,1.1763,1.7475,0.140444,0.167257,2.09864
195.1268,0,0.4833,1.4104,0.198463,0.646961,2.13969
152.6944,0,0.3062,1.2398,0.362529,0.594921,2.02591
209.6955,0,0.6335,1.3545,0.322328,0.417935,2.17446
239.691,0,0.4798,1.6851,0.311953,0.595784,2.04024
596.0938,0,0.6474,2.239,0.275814,0.203539,2.06258
883.1555,0,0.5687,3.1766,0,0,0
822.9348,0,0.5471,2.2262,0.249739,0.348949,2.04719
130.1089,0,0.1293,1.1009,0.295525,0.47647,2.1799
115.3643,0,0.6566,1.0753,0.396298,0.470662,1.98231
47.4876,0,0.2831,0.6297,0.315583,0.262292,2.03963
158.465,0,0.4103,1.1811,0,0,0
73.9828,0,0.3892,0.5994,0.30919,0.209092,2.06018
51.3874,0,0.3046,0.6453,0.35384,0.512388,2.19236
69.8978,0,0.0801,0.9122,0.289398,0.57411,1.95677
458.869,0,0.4747,2.0078,0.164507,0.439919,2.13238
507.2211,0,0.5401,1.9292,0.196333,0.683709,1.98618
228.659,0,0.1534,1.8243,0.408681,0.373889,2.02887
331.5937,0,0.2403,2.0184,0.375933,0.567775,2.13833
437.8094,0,0.2699,1.829,0.162137,0.401718,2.00929
219.4561,0,0.2773,1.5013,0.305462,0.251923,2.18564
326.4876,0,0.2742,1.857,0.179023,0.555848,1.99318
255.2719,0,0.3567,1.7524,0.214979,0.311998,2.05006
147.58,0,0.21,1.3042,0.134816,0.656992,1.9688
351.3864,0,0.4353,1.6995,0.14411,0.277447,2.01115
257.1746,0,0.4523,1.3896,0.27358,0.457636,2.19252
199.8749,0,0.1557,1.2355,0.304674,0.498599,1.95958
507.0803,0,1.4121,2.3533,0.337297,0.367879,2.10277
498.5314,0,0.2919,2.2831,0.239507,0.553082,2.02852
250.4321,0,0.2488,1.8623,0.200515,0.398007,1.97125
131.9693,0,0.0965,1.2662,0.105234,0.534253,2.16355
219.2323,0,0.2166,1.5203,0.156078,0.360334,1.99895
231.6458,0,0.1452,1.5764,0.333539,0.412041,2.16859
157.1253,0,0.1457,1.1574,0.241694,0.551809,1.95263
72.2582,0,0.1445,0.9994,0.267373,0.247416,2.05265
82.6619,0,0.1651,0.782,0,0,0
295.5099,0,0.2481,1.7651,0.109514,0.201447,1.99733
116.6236,0,0.0898,1.0735,0.140071,0.326151,2.16993
191.4113,0,1.4885,1.5004,0.246278,0.575395,1.93855
166.9393,1,0.3534,1.2761,0.281686,0.431012,2.11998
531.5958,0,0.5426,2.1583,0.372797,0.491465,1.98768
364.8653,0,1.0397,1.7538,0.214844,0.460128,1.97005
126.8637,0,0.1742,1.004,0.144245,0.687101,2.16447
263.4691,0,0.3256,1.2089,0.164213,0.436375,1.96059
199.9556,0,0.2562,0.9901,0.144102,0.426923,2.13648
188.4604,0,0.3657,1.4412,0.217631,0.474452,1.98436
245.6181,0,0.1983,1.6539,0.304056,0.264062,2.00188
190.8395,0,1.0207,1.4458,0.168782,0.791427,1.98056
34.3846,0,0.0454,0.5974,0.353716,0.308707,1.95485
30.9426,0,0.1264,0.5325,0.200525,0.426875,2.10555
74.7732,0,0.0641,0.826,0.222609,0.436291,1.95396
57.2578,0,0.0569,0.7017,0.134312,0.451164,2.11784
455.2367,0,0.3818,2.0277,0.280823,0.522004,1.9543
113.2893,0,0.1401,1.1189,0.309103,0.311771,2.02667
518.8698,0,0.5611,2.3155,0.313148,0.39382,1.96782
186.7451,0,1.1766,1.3197,0.435817,0.342378,2.00124
188.245,0,0.0886,1.2409,0.294326,0.455555,2.18889
108.9848,0,0.0983,1.0375,0.216589,0.410655,1.98628
183.2913,0,0.7068,1.1589,0.231401,0.46102,2.15766
32.9719,0,0.1908,0.6175,0.179025,0.586605,1.96009
19.1534,0,0.1295,0.5015,0.0773087,0.248155,1.99073
590.0902,0,0.2871,2.1453,0,0,0
103.8323,0,0.3145,0.6997,0.383157,0.245987,2.0772
113.4061,0,0.078,1.1414,0.264808,0.506584,2.17499
406.3087,0,0.2396,1.7462,0.229688,0.411915,1.97158
59.7808,0,0.0801,0.8431,0.100263,0.3964,2.1411
228.6895,0,0.6137,1.3921,0.204276,0.569228,2.01074
139.4329,0,0.1205,1.4974,0.263342,0.455727,2.04919
174.8954,0,0.2131,1.3037,0.137311,0.790788,1.94768
72.1019,0,0.0607,0.7177,0.267181,0.282892,1.97798
159.5325,0,0.3263,1.3123,0.220485,0.354257,2.17507
130.4393,0,0.2698,1.0111,0.288457,0.451687,1.95649
245.7929,0,0.4205,1.571,0.0818831,0.382022,2.12133
143.9094,0,0.2036,1.2772,0.257097,0.655445,1.97234
260.9403,0,0.1186,1.5485,0.297201,0.231933,2.07212
214.6572,0,0.1176,1.4117,0,0,0
192.4535,0,0.1737,1.326,0.190134,0.297949,2.00072
148.9819,0,0.1035,1.2734,0.0988319,0.426163,2.14219
212.9615,0,0.0846,1.3522,0.15814,0.515185,1.92272
217.1855,0,0.2819,1.5864,0.31586,0.306535,2.11022
94.5062,0,0.1851,0.8687,0.136359,0.848857,1.9274
64.7215,0,0.0529,0.8186,0.291323,0.251521,2.01509
50.0423,0,0.2825,0.7997,0.0597187,0.705497,2.1537
149.0509,0,0.1509,1.2956,0.201802,0.510442,1.95701
266.6397,0,0.1531,1.7696,0.162243,0.430391,2.16404
1059.9626,0,0.5384,3.3359,0.237467,0.643251,1.98612
838.8044,0,0.4409,2.605,0.165341,0.243261,2.05317
317.7944,0,0.2037,1.5332,0,0,0
78.8867,0,0.1489,0.9263,0.131043,0.315923,2.01074
136.3823,0,0.667,1.2004,0.288551,0.482765,2.18853
401.8151,0,6.4922,1.7962,0.364351,0.434081,1.99605
714.6636,0,3.7723,2.0302,0.350266,0.424325,2.1419
113.5186,0,1.0844,0.7401,0.264582,0.530226,1.99942
190.6867,0,0.7651,1.0165,0.227148,0.319688,2.03703
149.2987,0,2.0672,0.945,0,0,0
107.2026,0,2.4668,1.0366,0.174149,0.415615,2.01544
44.5894,0,0.255,0.6639,0.199152,0.39807,2.15813
24.8756,0,0.249,0.3848,0.225706,0.502943,1.93514
43.4624,0,2.3449,0.536,0.252743,0.472236,2.0177
46.3289,0,1.5931,0.6014,0.177008,0.629263,1.94375
32.0905,0,2.2883,0.5723,0.157959,0.170679,2.02449
8.7224,0,1.0324,0.2993,0.271282,0.592475,2.11604
86.4497,0,7.0333,0.8212,0.392169,0.440973,1.9641
64.8281,0,4.3775,0.6474,0.123146,0.423532,2.12983
58.0327,0,0.957,0.662,0.177428,0.570406,1.92134
90.7098,0,0.2303,0.7338,0.0809079,0.289686,2.04058
464.8035,0,0.7218,1.61,0.213199,0.609873,1.98224
238.0304,0,0.4314,1.3315,0.155097,0.178159,1.98613
331.5026,0,0.3544,1.4317,0.125423,0.63127,2.13791
189.8116,0,0.125,1.4661,0.305289,0.426058,1.97938
431.0221,0,0.4597,1.8976,0.126443,0.454843,2.14663
207.0035,0,0.2865,1.3808,0.263492,0.476025,1.92321
127.4045,0,0.1729,1.2059,0.149307,0.386318,2.07995
376.165,0,0.2789,2.0133,0.281535,0.505452,1.94637
32.026,0,0.0306,0.6168,0.151369,0.432923,2.06671
183.5178,0,0.0819,1.1436,0,0,0
542.2118,0,0.5177,1.7482,0.328602,0.319487,2.04599
82.8172,0,0.2965,1.1063,0.319898,0.53413,2.11612
335.6686,0,0.7793,1.8541,0.215093,0.316437,1.98878
522.1678,0,0.3477,1.688,0.229511,0.454528,2.14714
183.8618,0,0.1262,1.1913,0.208012,0.550823,1.9797
166.8699,0,0.0788,1.1184,0.12869,0.332952,2.10725
954.5739,0,1.0882,2.3611,0.26043,0.573763,1.94439
224.0682,0,0.9986,1.5724,0.2303,0.346634,2.06357
434.1858,0,0.4554,1.588,0,0,0
775.6514,0,0.5496,2.176,0.319677,0.331051,2.03898
515.6624,0,0.4962,1.6737,0.152433,0.579213,2.09735
336.5006,0,0.8331,1.5068,0.289222,0.544778,1.91413
466.2269,0,0.2076,2.2943,0.278754,0.481754,2.13017
237.2404,0,0.2415,1.3409,0.217829,0.475646,1.94544
241.6512,0,2.9402,1.4286,0.102842,0.329413,2.04108
416.5779,0,0.5308,2.0168,0.228145,0.470169,1.91821
400.08,0,0.2783,1.8966,0.103725,0.484721,2.01798
320.6357,0,0.2185,1.5733,0,0,0
507.5803,0,0.4449,2.4132,0.357201,0.276395,2.01431
141.1214,0,0.1287,1.3687,0.260398,0.566471,2.1029
416.58,0,0.2959,1.9704,0.249778,0.424942,1.94131
116.3124,0,0.2001,1.1525,0.296251,0.329442,2.14373
109.6728,0,0.1764,1.0889,0.375983,0.470462,1.97701
109.6676,0,0.1418,1.1199,0.219828,0.392001,2.0173
159.8177,0,0.3211,1.3258,0.182113,0.693359,1.97362
255.3722,0,0.4895,1.4836,0.318498,0.372183,1.99102
243.0834,0,0.1548,1.4132,0.155962,0.631805,2.12116
99.9065,0,0.1036,1.0008,0.152027,0.267193,1.98124
142.7605,0,0.3329,1.1638,0.395558,0.457491,2.13545
343.629,0,0.484,1.9692,0.211133,0.387821,2.00302
170.5304,0,0.2435,1.4034,0.303892,0.496529,2.16208
612.3048,0,0.6492,2.6646,0.237253,0.573974,2.01852
344.5432,0,0.2494,1.9489,0.236274,0.425277,2.04918
167.2896,0,0.1772,1.1747,0.138268,0.602477,2.00262
307.1883,0,0.2243,1.9551,0.270454,0.483443,1.98813
314.5488,0,0.1484,1.6527,0.254959,0.602349,2.09829
541.3121,0,0.855,1.8762,0.252334,0.359722,1.93794
218.6697,0,0.1659,1.5263,0.18425,0.23587,2.13953
353.8511,0,0.2683,1.7869,0.192702,0.557595,1.91821
56.7954,0,0.1556,0.8847,0.271742,0.488741,2.14711
192.3694,0,0.7826,1.1764,0.189818,0.588766,2.00723
296.9328,0,0.5891,1.6536,0.148475,0.323966,1.95387
219.8601,0,0.2349,1.2297,0.202779,0.328704,1.90949
332.7968,0,0.4254,1.6052,0.294321,0.363703,2.04342
1051.5656,0,0.404,2.858,0.345657,0.571095,2.03155
294.2417,0,0.2035,1.6254,0.207566,0.367599,1.95153
533.7132,0,1.9907,2.3912,0.294147,0.49657,2.14645
196.6665,0,0.1704,1.5539,0.294707,0.44354,1.9663
230.2774,0,0.3571,1.4688,0.310388,0.361858,2.10006
185.228,0,1.2463,1.4581,0.267589,0.51023,2.02705
222.098,0,0.511,1.5598,0.364461,0.191649,2.09046
64.4179,0,0.1564,0.7447,0,0,0
468.8561,0,0.4603,1.9404,0.354241,0.332712,2.03075
97.0974,0,0.1009,0.8663,0.373963,0.53914,2.18538
234.7135,0,0.1485,1.6811,0.323046,0.287701,2.07457
63.8122,0,0.2009,0.7177,0.30679,0.491804,2.18579
38.4778,0,0.6784,0.6051,0.298177,0.493666,2.04719
166.9902,0,0.344,1.4253,0.355893,0.378562,2.1258
314.4886,0,0.2022,1.4832,0.279175,0.712465,2.05813
45.3143,0,0.1951,0.7638,0.348306,0.432007,2.05686
249.3431,0,3.8394,1.7614,0,0,0
44.4657,0,0.1293,0.6996,0.328054,0.255903,2.03529
325.3234,0,0.3214,1.6584,0.46021,0.544086,2.17367
92.6316,0,0.4508,0.9519,0.355695,0.391118,2.01986
115.7405,0,1.1565,0.9555,0.280934,0.485468,2.18045
488.4723,0,5.7366,1.7773,0.265851,0.465795,2.04176
193.1878,0,4.0693,1.085,0.363788,0.189183,2.07454
58.1517,0,0.5875,0.7078,0.279717,0.678683,2.0492
32.5331,0,0.0563,0.6338,0.338236,0.187527,2.10767
168.1117,0,1.3928,1.0082,0.322322,0.587364,2.17243
210.6541,0,3.9841,1.2597,0.375787,0.251469,2.11962
268.5601,0,1.2646,1.5949,0.329212,0.513078,2.21601
488.0248,0,0.3895,2.1552,0.356796,0.376342,2.03416
931.8027,0,0.6943,2.7348,0.335855,0.429948,2.14783
220.5955,0,0.2747,1.4345,0.317748,0.63304,2.02978
239.6838,0,0.286,1.4888,0.459196,0.259396,2.13003
262.0572,0,0.2284,1.6931,0.167715,0.706117,2.00433
688.0981,0,0.345,2.2142,0.381785,0.379068,2.0207
443.4464,0,0.2939,1.9079,0.292007,0.6481,2.19425
308.3494,0,0.1913,1.7906,0.463788,0.272923,2.07101
744.8893,0,0.5196,2.4391,0.443788,0.444309,2.2068
899.3543,0,0.8101,2.6774,0.251749,0.531034,2.00608
499.5752,0,0.553,2.3347,0.330228,0.306386,2.06785
283.8391,0,0.2275,1.9114,0.423307,0.572149,2.05776
411.3945,0,1.1564,1.8344,0.334193,0.190019,2.06933
101.4402,0,0.3645,0.9102,0.451767,0.5025,2.03419
195.5799,0,0.2664,1.596,0.357348,0.20655,2.09178
128.1662,0,0.5403,1.2602,0.511838,0.469207,2.22603
111.3166,0,0.1529,0.8466,0.381209,0.31249,2.05787
205.1378,0,0.2221,1.4912,0.326233,0.562955,2.16497
232.6789,0,0.3092,1.7002,0.396411,0.472355,1.9713
349.7569,0,0.403,1.9402,0.238622,0.380607,2.18145
564.486,0,0.5114,2.0476,0.396366,0.43052,2.01706
846.4574,0,0.5181,2.4983,0.367577,0.158866,2.1187
595.0093,0,0.2597,2.3371,0.336896,0.618886,2.22448
263.9564,0,0.1551,1.802,0.364377,0.367177,1.9769
652.1537,0,0.4191,2.5142,0.298039,0.605422,2.13982
257.9758,0,0.216,1.5921,0.221245,0.408401,1.96787
445.356,0,0.2386,2.2194,0.381284,0.475079,2.18011
186.8856,0,0.8023,1.224,0.221095,0.528251,1.94057
104.71,0,0.1827,1.0491,0.201141,0.49011,2.12164
560.2504,0,0.7977,2.266,0.202298,0.538744,2.00478
147.0411,0,0.4835,1.2878,0.311609,0.181421,2.06258
134.2369,0,0.1043,1.1446,0.358705,0.538127,1.99664
193.4898,0,1.0588,1.3716,0.151647,0.435889,2.03136
312.19,0,0.9382,1.7909,0,0,0
361.2675,0,0.5699,2.0712,0.324243,0.233913,2.079
1251.4829,0,0.8142,2.7339,0.338576,0.647298,2.17916
589.8362,0,0.2537,2.2959,0.398703,0.396854,1.95669
435.3463,0,0.2451,1.9523,0.191032,0.456632,2.13177
786.5544,0,0.5464,1.9461,0.341111,0.450602,1.94811
862.6821,0,0.7858,2.4083,0.501927,0.289263,2.11696
162.6992,0,0.1204,1.1477,0.458829,0.51436,1.96748
693.7862,0,0.4027,2.5257,0.332069,0.433137,2.00152
290.8641,0,0.1802,1.8437,0,0,0
1074.3204,0,0.435,2.8077,0.325073,0.187759,2.08088
528.7682,0,0.3306,1.6816,0.314995,0.651007,2.12294
69.4675,0,0.1858,0.6814,0.324804,0.197662,2.01241
117.8126,0,0.2169,1.129,0.329536,0.449794,2.16333
507.8821,0,0.2983,2.004,0.174637,0.47888,1.95252
204.9424,0,0.2654,1.063,0.299627,0.493403,2.17165
228.3049,0,0.1514,1.6715,0.330977,0.378418,2.03509
213.3231,0,0.4591,1.2896,0.347516,0.439862,1.99702
1030.5973,0,2.1764,2.8944,0.325155,0.624565,2.01864
285.3588,0,0.5185,1.7831,0.298173,0.204047,2.10081
592.0494,0,0.3045,2.6522,0.504026,0.417147,2.01467
313.6443,0,0.1663,1.813,0.318738,0.182443,2.06491
352.0956,0,0.573,1.8334,0.402098,0.57981,2.1737
55.4884,0,0.2072,0.8174,0.377737,0.223488,2.08759
413.2803,0,0.4319,2.2647,0.407398,0.46472,2.20917
150.2213,0,0.074,1.5545,0.409381,0.297307,2.07443
115.4534,0,0.204,1.2554,0.23688,0.478699,2.19227
1278.3483,0,0.5205,3.071,0.315987,0.514727,2.02933
297.57,0,0.2865,1.9863,0.196117,0.339086,2.09952
