1919.0121,25,5.2424,4.6654,0.405429,0.374335,2.22748,,,
2008.1451,24,2.3325,4.7391,0.278582,0.398618,2.22407,1,,
2360.3862,33,3.4314,4.5212,0.181062,0.100635,2.23187,1,,
2231.8157,25,2.2841,5.1161,0.389642,0.586192,2.23569,1,,
1833.9802,20,5.4124,4.3928,0.364584,0.530123,2.24378,1,,
1515.516,17,1.0834,3.9047,0.270026,0.501824,2.25049,1,,
1286.075,20,2.8276,3.5661,0.353745,0.294498,2.25151,1,,
1698.3763,21,3.3619,3.658,0.334236,0.287496,2.25149,1,,
1857.7941,22,2.1966,4.409,0.259164,0.388526,2.24987,1,,
1430.9117,21,1.3848,4.5303,0.29989,0.360549,2.24905,1,,
2072.9763,24,6.9951,5.3054,0.433186,0.448432,2.25095,1,,
2451.7871,19,9.0978,4.0484,0.27239,0.408061,2.24748,1,,
2182.5911,18,4.9753,5.0164,0.489377,0.471251,2.24921,1,,
2155.8721,28,11.1057,4.8072,0.281099,0.458628,2.25138,1,,
2241.2961,21,3.396,5.0027,0.234868,0.346553,2.25025,1,,
2323.7761,19,11.1035,4.8619,0.260667,0.410398,2.24853,1,,
1770.9087,22,29.5882,4.415,0.18892,0.363049,2.24844,1,,
2231.9746,25,25.399,4.5256,0.228796,0.422488,2.24998,1,,
2316.1226,29,5.5686,5.0256,0.40569,0.284768,2.25211,1,,
1656.9707,20,2.2289,3.2749,0.250706,0.413326,2.25025,1,,
2518.6479,28,6.3119,5.0025,0.26751,0.503231,2.25082,1,,
2534.8633,28,2.4899,5.0928,0.29281,0.244303,2.25002,1,,
2087.0593,26,2.3182,5.0323,0.340444,0.481164,2.25183,1,,
2155.061,31,3.5308,4.8803,0.180969,0.550446,2.25288,1,,
2130.3589,42,4.2436,5.0912,0.259293,0.221106,2.25318,1,,
2272.479,32,4.4091,5.1283,0.228288,0.420636,2.25014,1,,
1972.6676,33,12.3417,5.3134,0.355206,0.428765,2.25153,1,,
2231.1111,30,8.152,4.7851,0.133963,0.249654,2.25065,1,,
2106.7075,32,1.667,4.7208,0.397323,0.525065,2.25196,1,,
2217.2178,37,4.6987,4.7181,0.336444,0.403929,2.25037,1,,
2352.9646,31,1.895,5.1277,0.224664,0.386693,2.25306,1,,
2419.6431,40,3.1513,4.6481,0.491105,0.445792,2.25464,1,,
2249.4556,36,1.806,5.179,0.307781,0.480688,2.25583,1,,
2610.9148,36,2.1367,5.2752,0.462681,0.276875,2.25628,1,,
2406.6553,38,1.8524,5.2597,0.241532,0.27376,2.25642,1,,
1930.6389,39,1.3416,3.7354,0.370498,0.255514,2.25678,1,,
2088.0159,36,1.6135,5.5353,0.34242,0.497295,2.25522,1,,
2548.8936,46,2.0334,6.0132,0.561526,0.319902,2.25804,1,,
2035.0243,39,2.1037,4.9185,0.133705,0.4813,2.25984,1,,
2388.2136,40,1.3175,4.9874,0.314379,0.401574,2.26192,1,,
2449.3625,45,1.663,5.4202,0.131634,0.36619,2.26148,1,,
2641.4097,50,1.7603,4.8314,0.306826,0.345397,2.25938,1,,
1507.9415,40,0.8766,3.1384,0.464595,0.308598,2.25551,1,,
2603.3333,41,1.7095,4.9016,0.205647,0.372448,2.25632,1,,
2098.8389,43,1.3116,5.3465,0.258831,0.404661,2.25547,1,,
2374.1521,39,2.48,5.115,0.349438,0.64378,2.25901,1,,
2368.3572,41,1.6939,4.8386,0.268845,0.551598,2.25732,1,,
2318.8552,42,1.9187,5.1283,0.189841,0.236098,2.25783,1,,
1811.08,39,1.493,4.0236,0.309338,0.465156,2.25642,1,,
2568.2017,39,1.7179,5.5351,0.332228,0.375454,2.25756,1,,
2632.6511,38,1.5294,5.2612,0.140747,0.275301,2.25779,1,,
2657.7029,42,1.4304,5.5581,0.542185,0.108039,2.25574,1,,
2537.4846,29,1.427,5.5668,0.323899,0.294246,2.25685,1,,
2012.5703,33,1.3302,4.3188,0.431513,0.386884,2.25279,1,,
2269.1631,38,2.4861,5.2938,0.398799,0.183647,2.25861,1,,
2583.6594,43,1.4138,5.3675,0.444597,0.38772,2.254,1,,
1742.9697,43,0.8473,3.845,0.319787,0.110899,2.24758,1,,
2267.4509,35,1.3509,4.609,0.408345,0.115092,2.25404,1,,
2434.2893,43,1.4817,5.158,0.393019,0.349468,2.25554,1,,
2026.8086,39,1.8103,4.5402,0.282577,0.328203,2.25813,1,,
2456.7056,36,1.2733,5.4907,0.360577,0.17567,2.25794,1,,
2208.7454,39,1.4124,5.2951,0.305453,0.335441,2.25836,1,,
2203.5171,37,1.7825,3.9655,0.472825,0.470877,2.26175,1,,
2624.4026,34,2.6174,5.3733,0.353083,0.365661,2.2559,1,,
1962.0045,35,0.9573,4.2513,0.371761,0.169377,2.25247,1,,
1890.2598,25,2.373,4.1912,0.338162,0.0447834,2.25575,1,,
2537.4539,26,1.2289,4.4472,0.210937,0.372277,2.2484,1,,
2110.5339,29,1.9719,5.4336,0.394,0.417172,2.25188,1,,
2250.0598,26,1.4676,5.6969,0.273388,0.460317,2.25404,1,,
2544.8147,20,2.7365,5.2045,0.318739,0.244075,2.25235,1,,
2492.2146,35,1.8408,4.9946,0.248544,0.237712,2.25038,1,,
2058.9316,21,1.1151,4.3242,0.444308,0.441294,2.25244,1,,
2440.5955,16,1.6472,5.5067,0.489627,0.395334,2.25266,1,,
2474.0664,23,1.7896,4.9911,0.501669,0.414082,2.253,1,,
1993.358,18,4.6788,4.9139,0.339698,0.530892,2.25102,1,,
2071.4031,21,4.8184,4.6821,0.264625,0.167444,2.23188,1,,
2362.0315,11,7.4142,4.685,0.27158,0.384239,2.2363,1,,
2406.9763,18,5.2336,4.8488,0.258984,0.222474,2.24648,1,,
2303.5991,21,3.0861,5.2484,0.535062,0.236759,2.24812,1,,
2490.0449,16,2.5324,5.2649,0.385279,0.16009,2.25121,1,,
1960.4044,24,6.1026,4.886,0.505062,0.450037,2.24829,1,,
2150.5527,22,1.6895,4.2089,0.596988,0.0518199,2.24869,1,,
2039.715,23,3.0068,4.4897,0.496623,0.276441,2.25023,1,,
2628.95,29,2.9796,5.2701,0.376271,0.0887548,2.2499,1,,
2489.0513,26,3.2527,5.3734,0.44332,0.239464,2.25102,1,,
2121.1851,26,2.8967,4.6404,0.299681,0.561238,2.24725,1,,
2220.219,25,3.1288,4.9898,0.303765,0.362247,2.2489,1,,
2573.7454,32,2.2673,3.7477,0.333945,0.399473,2.25085,1,,
2343.3127,28,2.5941,4.6963,0.394323,0.442281,2.24871,1,,
2500.4905,31,3.9858,5.495,0.373518,0.340648,2.25406,1,,
2118.9749,31,1.6634,4.9536,0.449914,0.426319,2.24702,1,,
2544.7078,32,2.0439,5.4815,0.355197,0.325439,2.24722,1,,
1904.6875,29,2.7544,5.003,0.330629,0.447906,2.24815,1,,
2122.4956,46,1.8844,4.734,0.454813,0.153422,2.24721,1,,
2383.7979,35,1.4659,4.8535,0.313875,0.229292,2.25002,1,,
2640.687,39,1.2944,5.2909,0.227703,0.497332,2.24711,1,,
2644.0569,36,1.6869,4.9199,0.296278,0.380357,2.2503,1,,
2064.5498,36,2.247,4.9187,0.407921,0.444563,2.24773,1,,
2167.4028,31,2.2742,4.9858,0.3413,0.130055,2.24761,1,,
2380.5671,44,3.9911,4.9013,0.135038,0.376483,2.24845,1,,
2160.4395,31,2.6074,5.5708,0.272213,0.422289,2.25037,1,,
2227.3804,35,6.8156,5.5193,0.220684,0.487599,2.24763,1,,
2653.2148,33,1.6077,5.2222,0.219107,0.599042,2.25195,1,,
2569.8328,37,1.5124,5.6639,0.311382,0.369831,2.25241,1,,
2403.7,41,2.6188,5.135,0.236617,0.60902,2.25209,1,,
2120.1167,35,1.6603,4.9849,0.456311,0.40164,2.25381,1,,
2533.3052,47,2.2005,5.4533,0.331613,0.415968,2.2498,1,,
2593.7268,40,1.6358,5.705,0.235185,0.102889,2.25102,1,,
1796.1675,42,1.9769,4.35,0.498176,0.240233,2.25165,1,,
2482.3408,39,1.5242,5.4574,0.414555,0.544837,2.25179,1,,
2493.877,37,2.1573,4.9289,0.422435,0.10636,2.25483,1,,
2544.4197,48,1.4147,5.8943,0.310835,0.265175,2.25592,1,,
2486.4861,43,2.4404,4.1153,0.335273,0.108776,2.254,1,,
2198.2988,45,2.5383,4.7211,0.175969,0.409972,2.25631,1,,
2616.387,34,2.3605,4.5884,0.432778,0.447266,2.256,1,,
2304.9929,34,2.2953,4.0571,0.370191,0.382448,2.25278,1,,
2575.7544,27,1.6125,5.5952,0.152641,0.222873,2.25261,1,,
2423.8621,31,2.5567,5.278,0.308542,0.454584,2.254,1,,
2112.1113,35,1.1058,3.9495,0.28208,0.454444,2.25458,1,,
2380.8984,38,1.9262,5.2564,0.332861,0.396798,2.25255,1,,
2546.585,31,1.671,5.8078,0.276934,0.426117,2.25129,1,,
1928.2278,34,1.028,3.6575,0.271253,0.427199,2.24992,1,,
1871.4349,25,3.4366,4.5287,0.236787,0.358343,2.24954,1,,
2302.3977,33,2.0136,5.4809,0.233061,0.418056,2.25107,1,,
1611.2887,35,1.4549,4.0495,0.313153,0.355364,2.25688,1,,
2293.675,30,2.1973,5.6087,0.204794,0.441882,2.2508,1,,
2510.6633,31,2.094,5.6284,0.217981,0.385869,2.24835,1,,
2513.949,35,2.7393,5.1058,0.397774,0.161407,2.24623,1,,
2539.0017,35,1.7677,5.4824,0.339324,0.237438,2.2449,1,,
2309.3472,28,3.2978,4.7608,0.288216,0.103015,2.24837,1,,
2531.582,33,3.0294,5.3008,0.492967,0.317263,2.24948,1,,
2152.8184,28,2.6154,3.9822,0.397197,0.19793,2.25069,1,,
2139.3999,21,2.0577,5.4928,0.344116,0.504941,2.24791,1,,
2284.9514,23,1.5093,4.0117,0.541233,0.201308,2.24941,1,,
2485.5127,25,1.3523,5.3541,0.565642,0.395595,2.24984,1,,
2251.4993,18,1.35,5.1473,0.155738,0.314822,2.24662,1,,
2272.7808,17,2.0564,5.7257,0.295842,0.48504,2.24925,1,,
2197.2859,21,10.9934,5.2124,0.243227,0.433042,2.24575,1,,
2048.9568,17,1.6346,4.8206,0.376204,0.520136,2.2472,1,,
2242.0344,12,2.812,4.3953,0.612724,0.29422,2.24728,1,,
1876.2581,13,1.3925,4.6496,0.446798,0.444391,2.25104,1,,
1939.8469,8,3.8571,4.1362,0.370724,0.489199,2.24865,1,,
1496.1072,9,4.6577,3.8267,0.557575,0.293633,2.2488,1,,
619.6715,10,0.7712,2.417,0.35654,0.435565,2.25021,1,,
800.5764,11,3.4242,3.0978,0.285315,0.210242,2.24603,1,,
2075.2859,17,6.6797,4.7617,0.273493,0.344469,2.2327,1,,
2243.6582,8,8.0239,4.9114,0.222198,0.272479,2.23367,1,,
2551.6619,15,3.2648,5.433,0.419543,0.26211,2.24393,1,,
2351.438,19,6.3894,5.2078,0.288832,0.505466,2.24707,1,,
2163.6338,16,7.6208,5.1133,0.291585,0.143876,2.25164,1,,
1866.0598,18,9.1076,4.3667,0.404179,0.511159,2.25293,1,,
2003.8552,14,4.6655,4.9879,0.199909,0.36551,2.25148,1,,
2306.7014,17,2.4975,5.0471,0.366556,0.571955,2.25114,1,,
2445.3899,17,5.9115,5.258,0.407847,0.389755,2.24933,1,,
2525.2769,21,8.9273,4.8042,0.260051,0.430898,2.25031,1,,
2353.4341,32,2.8774,5.3827,0.519769,0.122856,2.25275,1,,
2319.6047,21,4.9521,5.3301,0.407376,0.454113,2.25304,1,,
2292.0818,25,6.6227,4.9666,0.219983,0.431491,2.24429,1,,
2368.427,21,1.8418,5.476,0.291868,0.385835,2.24273,1,,
2289.2854,21,4.0396,3.8689,0.438006,0.621742,2.24355,1,,
2367.2761,23,3.5713,4.0171,0.270154,0.0675343,2.24768,1,,
2438.7104,21,2.7015,4.9196,0.238576,0.37889,2.24689,1,,
1804.4965,26,1.3358,4.038,0.452278,0.331375,2.2506,1,,
2392.0903,35,1.3768,3.4098,0.596061,0.262603,2.24856,1,,
2021.1317,25,3.9535,4.9819,0.291015,0.448609,2.24973,1,,
2598.8628,29,2.0823,5.0617,0.32621,0.654803,2.24879,1,,
2404.3496,27,4.989,5.42,0.407513,0.635437,2.24672,1,,
1804.9075,23,3.4515,3.8208,0.167992,0.652274,2.24922,1,,
2601.4775,25,2.8507,5.5255,0.368572,0.360726,2.25074,1,,
1983.4131,27,2.8287,4.4533,0.378663,0.153211,2.24908,1,,
2517.0317,29,2.4358,5.4634,0.517224,0.303652,2.24725,1,,
2001.4564,25,1.7462,4.7595,0.198803,0.158771,2.24659,1,,
1721.5017,31,1.5476,3.7242,0.492745,0.25562,2.2454,1,,
2293.9248,31,1.2818,4.642,0.418715,0.224979,2.24447,1,,
2673.5881,33,1.6149,4.9195,0.238139,0.315443,2.24228,1,,
2478.2876,27,1.5798,5.5711,0.581877,0.140305,2.24228,1,,
2405.6299,29,2.9057,5.35,0.216775,0.388617,2.24235,1,,
2593.5024,28,1.8421,5.0615,0.349043,0.117599,2.23907,1,,
2508.0095,28,1.6441,5.3775,0.280617,0.384956,2.24209,1,,
2207.2251,27,0.8827,4.149,0.130076,0.425786,2.24118,1,,
2657.7583,36,1.6238,4.8319,0.280525,0.132501,2.24184,1,,
1958.3885,32,1.3246,4.253,0.348819,0.404515,2.25012,1,,
2424.1895,25,5.738,5.2909,0.564152,0.168666,2.24504,1,,
2516.2041,23,3.5564,5.0947,0.143668,0.435896,2.23604,1,,
1882.9277,17,1.1477,5.0348,0.489436,0.431918,2.23798,1,,
2398.5022,15,1.9551,4.8697,0.431898,0.490873,2.23727,1,,
1581.3738,20,1.3296,4.2188,0.508854,0.276442,2.24102,1,,
2243.1301,15,5.4551,4.9901,0.23784,0.30206,2.24409,1,,
1515.1774,7,3.8326,4.3523,0.406396,0.332362,2.24178,1,,
2296.2705,12,2.5628,4.7359,0.294228,0.453306,2.23843,1,,
2149.5686,17,1.3839,4.546,0.294226,0.407243,2.23768,1,,
976.1938,2,3.0942,3.0323,0,0,0,1,,
852.6882,4,3.0651,2.9621,0,0,0,1,,
1389.1462,4,3.3689,3.5379,0.444263,0.390166,2.12514,1,,
1300.9694,6,6.5726,3.3363,0.471059,0.400234,2.13222,1,,
645.3889,1,2.234,2.3005,0.41256,0.485106,2.13772,1,,
582.6044,5,2.0339,2.2594,0.465317,0.589536,2.13776,1,,
1058.9159,8,1.2399,2.7526,0.304757,0.503329,2.13557,1,,
1301.9473,7,2.2993,2.9999,0.498664,0.50546,2.13844,1,,
935.976,7,6.1429,2.7558,0.403606,0.36773,2.13768,1,,
807.8827,4,3.2616,2.785,0.297935,0.385309,2.13797,1,,
1046.3777,5,6.0516,3.2466,0.477078,0.31955,2.13689,1,,
880.4824,4,11.7325,2.8085,0.328836,0.35393,2.13687,1,,
431.4766,3,1.3165,2.2227,0.34641,0.421613,2.13564,1,,
231.1138,1,1.2385,1.4831,0.267016,0.411853,2.13657,1,,
485.8268,5,3.1744,2.0966,0.210632,0.39506,2.13682,1,,
202.7654,5,2.5114,1.5145,0.334239,0.449748,2.13556,1,,
226.5601,4,2.6802,1.7435,0.368016,0.363738,2.13734,1,,
545.9623,4,2.0645,2.5876,0.216326,0.415584,2.13635,1,,
832.7679,8,6.0851,2.7846,0.669702,0.247718,2.13635,1,,
746.7718,5,2.6,2.5911,0.306709,0.230499,2.13784,1,,
1340.1943,9,1.8174,3.7944,0.370593,0.300974,2.13607,1,,
1472.3491,8,1.6232,3.5845,0.209179,0.590172,2.13444,1,,
1391.3909,12,2.6897,4.0598,0.238297,0.113457,2.13635,1,,
1047.1965,10,1.3749,2.8351,0.420428,0.630867,2.13646,1,,
1761.4731,7,1.8593,3.4908,0.469746,0.413027,2.13408,1,,
1819.0801,9,1.3962,4.2644,0.434755,0.401739,2.13506,1,,
2334.3489,7,5.2743,5.2287,0.109448,0.0741365,2.13528,1,,
1753.4708,10,3.8758,4.2661,0.229761,0.402918,2.13556,1,,
2102.8435,8,6.32,4.2228,0.511455,0.512553,2.13572,1,,
1827.7421,9,8.3709,3.7329,0.506271,0.231631,2.13567,1,,
1762.4222,8,2.7657,4.163,0.493085,0.500997,2.1356,1,,
1687.1963,11,3.1187,4.4596,0.488621,0.291851,2.13675,1,,
1675.8104,12,4.4089,3.839,0.319064,0.429039,2.13557,1,,
2030.2245,10,6.9209,4.1589,0.324209,0.367556,2.13456,1,,
1571.3033,9,5.0121,3.5201,0.323576,0.595178,2.13515,1,,
1526.7954,12,4.5926,4.3178,0.493771,0.110359,2.13549,1,,
1895.9094,15,7.4939,4.0862,0.41523,0.208121,2.13382,1,,
1237.8586,10,2.2897,3.8381,0.586817,0.167481,2.13331,1,,
958.2672,19,2.5379,2.9201,0.355722,0.355888,2.13272,1,,
1657.5253,13,5.037,4.6425,0.230885,0.501465,2.13068,1,,
1432.8866,16,5.6062,4.3146,0.420569,0.311288,2.13108,1,,
2031.3743,10,2.498,4.1649,0.398671,0.422372,2.13208,1,,
1336.5333,15,7.3634,3.6411,0.248542,0.520495,2.13294,1,,
2096.6816,7,9.3309,4.6292,0.529215,0.536686,2.1306,1,,
1506.7103,13,33.0115,3.958,0.302415,0.578142,2.13163,1,,
1181.8829,10,6.1941,3.0296,0.321283,0.441478,2.13546,1,,
1902.522,15,6.0846,3.786,0.350148,0.604644,2.14472,1,,
1163.9003,15,7.7928,2.8836,0.208539,0.364044,2.1445,1,,
1639.6272,18,4.2969,3.7994,0.347497,0.579045,2.14316,1,,
1507.9309,14,4.3809,3.6796,0.497179,0.366467,2.14327,1,,
1312.7664,8,3.6217,3.6116,0.38336,0.2983,2.14491,1,,
1421.2686,15,8.3799,4.2561,0.400385,0.275631,2.14564,1,,
1785.1309,8,2.1313,3.8741,0.544797,0.465592,2.1454,1,,
2216.7607,8,6.5523,4.6408,0.332822,0.39636,2.14406,1,,
915.9532,12,3.7066,3.5436,0.275707,0.0704024,2.14432,1,,
1815.3529,10,2.4948,4.4648,0.334509,0.263587,2.14481,1,,
1728.847,8,1.4092,3.8966,0.380989,0.0784349,2.14232,1,,
2007.9738,10,3.2147,4.1552,0.241813,0.374107,2.14207,1,,
1655.0764,12,1.5917,3.9891,0.172313,0.581241,2.14054,1,,
2218.3398,9,2.1795,3.7401,0.308774,0.381128,2.14039,1,,
1503.5377,7,2.4341,4.0697,0.475038,0.32729,2.14027,1,,
1421.2257,13,5.7889,3.8217,0.375428,0.269801,2.1399,1,,
1372.4679,8,1.6091,3.4719,0.455758,0.508073,2.14032,1,,
1993.1901,10,2.4841,4.5647,0.275674,0.612036,2.14046,1,,
1051.9927,8,2.3465,3.5589,0.645608,0.239279,2.14165,1,,
1319.3346,11,1.0867,3.8463,0.286507,0.198619,2.14195,1,,
827.2309,5,1.5839,2.5603,0.151054,0.571285,2.14172,1,,
1087.5514,6,1.4454,3.6361,0.293307,0.598599,2.14217,1,,
1147.1748,4,2.0654,3.0371,0.612437,0.228107,2.14341,1,,
1126.0001,6,2.3142,3.2108,0,0,0,1,,
944.4068,3,1.822,2.7599,0.556066,0.360043,2.14306,1,,
719.7831,5,0.7666,2.5347,0.375868,0.582584,2.1417,1,,
1194.4021,8,8.7094,3.5265,0.388979,0.253908,2.20144,1,,
1232.3517,10,8.4398,3.1121,0.349441,0.381085,2.20045,1,,
1071.2903,2,4.1515,3.1685,0.47865,0.509499,2.20208,1,,
816.9353,2,11.0196,2.7947,0.326784,0.363197,2.19344,1,,
583.6398,7,1.6724,2.3262,0.552067,0.106566,2.19487,1,,
1684.433,8,2.6866,3.8562,0.315442,0.435241,2.19414,1,,
829.3239,7,1.7348,2.3635,0.727892,0.219531,2.19344,1,,
765.8408,9,1.3853,2.8381,0.643455,0.262743,2.19397,1,,
1599.309,6,4.442,4.1693,0.219566,0.267014,2.19454,1,,
1447.6564,6,15.6076,3.3487,0.255108,0.363455,2.19618,1,,
901.983,6,0.7046,2.8028,0.553349,0.462504,2.19473,1,,
779.8711,6,0.7957,2.9374,0.262791,0.465122,2.19456,1,,
1459.425,9,1.2091,3.9277,0.345005,0.256578,2.19393,1,,
1401.9473,5,0.9882,3.6639,0.678014,0.395823,2.19515,1,,
849.3472,5,7.9114,2.5551,0.255355,0.33579,2.19365,1,,
1244.8431,4,1.4555,3.3789,0.376015,0.527463,2.19565,1,,
724.2414,6,2.6107,3.0552,0.341727,0.450323,2.19472,1,,
928.0197,3,1.8677,3.0943,0.219336,0.229149,2.19562,1,,
1586.5144,5,3.3033,4.1629,0.403312,0.272377,2.19541,1,,
634.4523,7,2.628,2.8662,0.21485,0.389469,2.19485,1,,
850.3125,5,4.6678,2.9182,0.318366,0.511368,2.19566,1,,
1609.8433,9,8.8825,3.8533,0.388102,0.305656,2.19534,1,,
1487.5615,9,17.9267,3.7851,0.348293,0.384125,2.19579,1,,
1581.3245,6,8.9506,3.4204,0.299054,0.301725,2.19699,1,,
1690.5156,11,14.9959,3.5574,0.332347,0.352598,2.19664,1,,
1375.9209,10,2.5795,3.472,0.240948,0.20087,2.19707,1,,
1198.0293,12,2.6584,3.454,0.481808,0.433484,2.19712,1,,
1102.2393,7,2.6078,3.173,0.444849,0.407651,2.19675,1,,
1037.0211,7,7.494,3.143,0.356454,0.38826,2.1972,1,,
1987.8262,13,5.772,4.0367,0.354841,0.276496,2.19855,1,,
1404.3949,7,1.939,3.8587,0.424345,0.43639,2.19852,1,,
1839.033,14,7.4983,3.9797,0.272849,0.463861,2.19943,1,,
1598.0038,8,12.5952,2.9189,0.234683,0.532639,2.19754,1,,
846.2164,8,10.0064,3.0216,0.501991,0.503285,2.19504,1,,
731.5445,10,2.9177,3.4394,0.339678,0.422152,2.19534,1,,
1137.6025,7,8.2165,3.017,0.504893,0.660793,2.19593,1,,
1457.7208,5,3.4416,4.0213,0.543282,0.569363,2.19629,1,,
958.865,10,0.848,3.3453,0.531483,0.248103,2.19587,1,,
1619.0472,13,2.7929,4.0963,0.301145,0.326259,2.19548,1,,
1438.4913,9,8.4412,3.8547,0.410836,0.384708,2.19522,1,,
2241.3796,8,5.1413,3.6487,0.33548,0.488738,2.19326,1,,
545.6501,9,0.5761,2.1231,0.382788,0.507777,2.19475,1,,
1523.441,12,1.1425,3.7901,0.408619,0.290478,2.19876,1,,
1670.3259,8,1.4849,4.0853,0.400365,0.54146,2.19481,1,,
1375.5742,6,1.5488,3.5971,0.319098,0.585677,2.19709,1,,
1837.0013,7,1.7571,3.837,0.196716,0.300698,2.19628,1,,
921.706,5,1.5355,3.3045,0.360029,0.259684,2.19846,1,,
1065.5859,9,6.3232,3.179,0.324813,0.411533,2.19994,1,,
1381.8857,10,6.4948,3.7711,0.359018,0.380821,2.20078,1,,
606.213,11,3.521,2.3999,0.595086,0.592107,2.20164,1,,
1790.1287,11,4.9582,3.7985,0.534111,0.293191,2.20042,1,,
1256.244,4,1.5417,3.3043,0.301664,0.474736,2.20156,1,,
1629.158,8,1.1627,3.5677,0.289594,0.582694,2.20168,1,,
1343.3557,3,1.6059,3.7105,0.433894,0.579879,2.20299,1,,
1922.4385,10,3.1345,3.8002,0.300785,0.375458,2.19969,1,,
1498.6345,5,3.9404,3.6488,0.462743,0.588378,2.19625,1,,
1664.8536,9,4.3207,4.1065,0.246398,0.154456,2.19668,1,,
1511.405,9,4.612,4.1109,0.252773,0.481579,2.19481,1,,
1672.6709,10,1.6862,3.694,0.548119,0.257779,2.19503,1,,
1071.8745,2,0.8526,3.2793,0.331015,0.550397,2.19522,1,,
459.218,5,2.0882,2.405,0.525353,0.363861,2.19344,1,,
1086.9391,7,21.4478,2.7067,0.423039,0.596815,2.19397,1,,
1167.417,1,20.1379,2.8429,0.410184,0.538256,2.19321,1,,
528.2993,2,9.862,1.9222,0.225256,0.415718,2.19206,1,,
935.8623,2,5.5942,3.0576,0.322695,0.479311,2.16062,1,,
613.0759,9,1.9751,2.5121,0.402417,0.576644,2.16009,1,,
1341.7903,6,1.1461,3.6259,0.443865,0.489671,2.16443,1,,
834.1122,6,1.3196,2.7893,0.719214,0.379558,2.17779,1,,
1121.1089,2,7.086,3.1587,0.525487,0.0699059,2.18786,1,,
747.3201,1,0.6971,2.2186,0.409462,0.717802,2.18974,1,,
1003.6826,3,0.6534,3.0022,0.332551,0.0818297,2.19272,1,,
895.2482,4,0.695,2.8957,0.604609,0.247273,2.19275,1,,
490.571,3,0.8007,1.9345,0.589219,0.349182,2.19413,1,,
1207.863,6,3.6275,3.015,0.580948,0.37702,2.19176,1,,
1412.5714,2,2.9079,3.6831,0.419662,0.562578,2.19044,1,,
766.3344,2,0.9009,2.2515,0.348749,0.5766,2.19122,1,,
1651.6743,4,4.9874,3.3803,0.310844,0.484072,2.19056,1,,
1080.6475,5,2.2897,3.0351,0.512767,0.605257,2.19208,1,,
244.6091,1,4.5981,1.4598,0.516991,0.165718,2.19181,1,,
732.3254,6,2.6519,2.4388,0.468775,0.193198,2.19147,1,,
1307.3712,3,4.5683,3.5276,0.474862,0.583713,2.19231,1,,
320.9109,12,0.4521,1.911,0.352277,0.321356,2.19219,1,,
921.6749,8,2.7746,2.8057,0.414815,0.305702,2.19181,1,,
1712.2166,6,2.2675,3.5008,0.319053,0.532578,2.19371,1,,
998.928,8,0.8848,3.2831,0.259834,0.278316,2.1918,1,,
1754.6238,9,5.4964,4.4364,0.373749,0.415375,2.19155,1,,
1513.191,7,9.32,4.1919,0.389524,0.643888,2.19156,1,,
866.9694,11,12.8448,3.0287,0.441776,0.592757,2.19126,1,,
1540.3384,8,6.6161,3.8593,0.222039,0.370391,2.19295,1,,
1317.8252,5,2.495,3.8999,0.457673,0.438926,2.19208,1,,
1338.8922,6,2.1772,3.5117,0.433486,0.486234,2.19365,1,,
1852.4285,7,9.3906,3.7797,0.353293,0.328975,2.1934,1,,
1809.1593,8,6.9479,3.3753,0.180173,0.359793,2.191,1,,
1038.7776,6,7.6465,2.8689,0.218588,0.104401,2.19102,1,,
1818.9054,12,4.0216,4.0577,0.270505,0.424717,2.19347,1,,
1424.5402,12,2.2139,3.8497,0.360087,0.622138,2.19122,1,,
1499.9417,10,0.8013,3.9693,0.576532,0.221668,2.19128,1,,
1714.9581,7,2.2875,3.8673,0.448529,0.626556,2.19205,1,,
1704.0312,14,2.3032,4.4685,0.406208,0.315097,2.19177,1,,
1069.4893,10,2.5492,3.3372,0.399132,0.464342,2.19355,1,,
1804.969,13,2.6663,3.9412,0.491376,0.0956265,2.19153,1,,
1820.6138,13,2.5565,4.6417,0.371849,0.512103,2.19296,1,,
1866.8297,14,5.3568,4.1112,0.476594,0.576657,2.19308,1,,
1828.1401,8,2.1207,4.3666,0.264299,0.163862,2.19098,1,,
1854.9436,12,1.8677,4.4346,0.310742,0.399,2.18935,1,,
1362.092,14,4.3351,3.549,0.331198,0.216018,2.18911,1,,
1206.0214,11,9.33,3.8813,0.452859,0.529367,2.19196,1,,
937.2702,17,0.9053,3.2564,0.428931,0.301772,2.19359,1,,
1576.5471,13,4.3972,3.6988,0.314822,0.386753,2.19127,1,,
1657.5383,18,6.5291,4.3873,0.371244,0.421513,2.19098,1,,
1581.8317,20,9.8905,3.9855,0.266381,0.476224,2.19104,1,,
1744.7224,17,12.9469,3.9485,0.373561,0.447584,2.19273,1,,
1687.661,19,3.2235,4.5381,0.288846,0.341937,2.19226,1,,
1815.4021,14,6.262,4.4041,0.3029,0.572719,2.19257,1,,
2129.9399,11,4.5405,5.001,0.343657,0.196912,2.19041,1,,
2166.1372,15,1.5207,4.1882,0.423618,0.486034,2.1905,1,,
2205.2661,15,1.084,4.2847,0.306992,0.190756,2.18879,1,,
1228.6097,15,0.8197,3.5198,0.326389,0.477169,2.18849,1,,
1226.2363,11,1.8858,3.6303,0.282543,0.611722,2.18851,1,,
1519.4131,10,1.3767,4.2774,0.35771,0.564669,2.18856,1,,
1997.7385,15,5.2204,4.7198,0.341959,0.614521,2.18617,1,,
1591.6157,13,1.5193,3.723,0.457961,0.42346,2.18929,1,,
2495.5825,9,3.3427,4.9342,0.392214,0.352663,2.18791,1,,
1593.855,11,1.5379,4.5538,0.353409,0.299025,2.18854,1,,
1403.2329,15,3.2935,3.4422,0.38261,0.275313,2.18951,1,,
1645.9729,8,13.782,4.2687,0.202893,0.506008,2.1882,1,,
1858.1333,13,5.3353,4.0643,0.3552,0.618775,2.19356,1,,
1369.6558,8,1.3115,3.6943,0.522735,0.417976,2.19406,1,,
1451.0784,11,8.3592,3.9041,0.347667,0.489404,2.19334,1,,
1306.3617,5,12.2028,3.8131,0.459558,0.396317,2.19666,1,,
1006.1417,12,1.7084,2.9968,0.358313,0.333075,2.19408,1,,
1029.6504,10,2.5572,3.2409,0.472374,0.27639,2.19271,1,,
1279.4375,7,26.3712,3.6234,0.280413,0.582338,2.1931,1,,
715.8488,5,3.9479,2.7761,0.573566,0.38633,2.19441,1,,
263.447,1,0.346,1.8253,0.279371,0.44991,1.97666,1,,
473.2872,2,2.3854,1.8424,0.309005,0.421282,1.97851,1,,
444.8409,2,2.4919,1.9738,0.455831,0.368087,1.97681,1,,
389.2543,0,1.7332,1.944,0.295339,0.532215,1.97793,1,,
398.7466,0,1.0622,2.0709,0.640642,0.108421,1.97876,1,,
1078.884,0,5.6123,3.2771,0.457002,0.406258,1.97677,1,,
815.1409,3,1.8265,2.8858,0.287461,0.268138,1.97784,1,,
544.5481,3,2.0373,1.7864,0.310567,0.486868,1.97907,1,,
185.4649,4,0.9459,1.3265,0.175162,0.33832,1.97883,1,,
646.7128,2,2.5592,2.4581,0.492066,0.353252,1.97962,1,,
1285.8446,1,2.867,3.437,0.600802,0.210887,1.97949,1,,
975.7723,1,1.0494,3.0294,0.51677,0.0728577,1.98875,1,,
579.3094,2,0.7435,2.2524,0.283004,0.243774,1.99236,1,,
548.6423,3,2.745,2.2024,0.466174,0.345462,1.99439,1,,
994.3828,1,13.0386,2.5868,0.313982,0.394677,1.99267,1,,
819.6743,1,3.1107,2.5687,0.441926,0.358894,1.99392,1,,
1032.3988,2,1.5605,2.4411,0.230564,0.535763,1.99334,1,,
121.9116,1,0.7207,1.1528,0.247103,0.575165,1.99473,1,,
355.2222,4,0.5114,2.1454,0.58179,0.398979,1.9967,1,,
919.0023,3,0.521,3.5944,0.526522,0.380272,1.99467,1,,
587.0657,1,0.3478,2.1443,0.310379,0.244119,1.99622,1,,
750.6753,3,0.6984,2.4751,0.142206,0.517882,1.99549,1,,
1097.7334,3,0.7961,3.0597,0.29559,0.250959,1.99361,1,,
631.509,3,0.7789,2.0373,0.46569,0.342222,1.99419,1,,
798.2883,2,0.702,2.428,0.305066,0.652601,1.99349,1,,
279.1138,0,0.2452,1.5434,0.243026,0.745396,1.99258,1,,
500.1114,3,0.4901,1.9814,0.276281,0.481034,1.99265,1,,
647.4956,4,0.6478,2.1483,0.435214,0.471882,1.99281,1,,
464.5162,0,0.526,2.3166,0.40585,0.495894,1.99351,1,,
1543.2782,6,1.7336,3.2106,0.147842,0.478087,1.99467,1,,
971.154,5,1.3316,2.8203,0.318288,0.564652,1.99392,1,,
827.0848,2,1.1338,1.9011,0.418496,0.0481254,1.99191,1,,
641.131,4,1.3936,1.7861,0.301695,0.288038,1.99122,1,,
800.9634,1,1.4155,2.8861,0.294111,0.551697,1.99258,1,,
373.2005,6,1.2059,2.0008,0.478107,0.169535,1.99403,1,,
1153.0575,4,1.8032,2.9193,0.381513,0.348068,1.99333,1,,
470.9292,6,1.2516,1.9866,0.219592,0.341217,1.99399,1,,
742.5562,5,0.8294,2.5293,0.334095,0.312123,1.99356,1,,
996.3286,2,0.5778,3.1032,0.419669,0.350636,1.9931,1,,
1001.0305,4,2.2975,3.002,0.362654,0.356698,1.9928,1,,
1184.2041,5,2.2918,3.4023,0.371224,0.194233,1.99239,1,,
445.7641,5,0.5713,2.3671,0.15599,0.163806,1.99326,1,,
573.4829,3,1.3109,1.8072,0.199919,0.480805,1.99251,1,,
185.4934,3,0.1939,1.2749,0.287351,0.507454,1.99326,1,,
630.7401,1,1.1733,2.4456,0.490952,0.572972,1.99404,1,,
1069.2881,4,0.9374,3.0256,0.423786,0.451531,1.99302,1,,
1711.2031,0,1.3481,3.046,0.44397,0.379793,1.99216,1,,
1183.9716,3,0.9259,2.6711,0.345609,0.267103,1.9909,1,,
1607.9089,4,0.9352,3.3146,0.333016,0.45234,1.98968,1,,
1058.7753,3,1.0169,3.1205,0.397336,0.107954,1.98875,1,,
1243.3253,4,1.181,2.9511,0.30974,0.488993,1.98872,1,,
1215.4769,0,0.8074,3.2838,0.662349,0.414718,1.98791,1,,
1281.5659,1,0.9795,2.8961,0.682471,0.190188,1.98741,1,,
637.5681,3,0.6666,2.567,0.143952,0.748496,1.98765,1,,
1109.0905,1,1.6602,2.9339,0.339692,0.674223,1.9874,1,,
803.4597,1,1.1161,3.224,0.476448,0.246773,1.98674,1,,
1205.0919,6,1.0517,3.1574,0.309034,0.378294,1.98809,1,,
903.502,3,0.5642,3.1478,0.392339,0.307036,1.98863,1,,
1250.3982,3,1.1729,3.1948,0.247628,0.608952,1.98917,1,,
138.3825,3,0.1946,0.8974,0.470445,0.253764,1.99104,1,,
209.0183,5,3.2238,1.0773,0.360584,0.404149,1.994,1,,
748.2938,1,1.9571,2.5468,0.41166,0.344324,1.99335,1,,
1239.2538,3,0.9866,2.691,0.379455,0.45966,1.99548,1,,
411.0947,5,0.2126,1.8769,0.325574,0.517475,1.99176,1,,
356.9267,0,0.5212,1.8481,0.512323,0.400377,1.99297,1,,
880.9393,1,1.8076,2.0951,0.360244,0.370047,2.0521,1,,
425.4766,2,2.4768,1.9226,0,0,0,1,,
496.5078,4,4.0271,1.7369,0.584455,0.406298,2.0538,1,,
623.6879,3,7.4304,2.1568,0.205788,0.53529,2.0569,1,,
453.6519,2,2.5628,1.8614,0.200847,0.235128,2.05966,1,,
654.7222,2,2.9341,2.4845,0.572958,0.300522,2.05879,1,,
335.4604,4,2.9171,1.8139,0.48656,0.405015,2.0598,1,,
723.615,7,2.6002,2.1191,0.394739,0.653756,2.05909,1,,
306.5636,4,0.6637,1.3977,0.400082,0.247641,2.05911,1,,
358.6352,3,4.166,1.6198,0.326843,0.453425,2.05763,1,,
405.2473,5,1.6834,1.7923,0.375933,0.452713,2.05815,1,,
211.226,3,1.3235,1.2235,0.399156,0.640762,2.0583,1,,
345.3022,3,4.1541,1.383,0.371206,0.550243,2.05931,1,,
109.4701,3,1.321,0.82,0.186691,0.535907,2.05748,1,,
1041.0342,3,2.3587,2.8526,0.239574,0.425968,2.05725,1,,
679.8587,6,0.8478,2.2817,0.410531,0.301983,2.0572,1,,
1332.7214,5,1.176,3.3182,0.322458,0.430696,2.05729,1,,
295.9217,2,0.829,1.6719,0.400177,0.658906,2.05808,1,,
843.5485,3,6.6911,2.7648,0.284717,0.280202,2.05754,1,,
1311.673,3,5.6611,3.4178,0.217505,0.562189,2.05721,1,,
769.7066,2,14.7357,2.5603,0.460656,0.419086,2.0579,1,,
853.3685,7,2.715,2.6178,0.341303,0.404856,2.05889,1,,
1285.218,9,9.4628,3.5974,0.321887,0.500224,2.05872,1,,
902.9056,4,10.284,2.5993,0.197589,0.549236,2.05827,1,,
287.8035,3,3.7559,1.7402,0.230484,0.455992,2.05795,1,,
427.7947,6,11.6862,1.8312,0.309576,0.515465,2.05885,1,,
1032.1541,3,22.1356,3.0695,0.376605,0.665811,2.06026,1,,
1059.3162,5,7.6353,3.347,0.345397,0.268837,2.05972,1,,
445.3,5,5.6712,2.0481,0.418411,0.560365,2.05965,1,,
627.4329,4,3.7641,1.8913,0.149364,0.423707,2.05923,1,,
682.7563,14,26.9574,2.3842,0.314907,0.472988,2.06015,1,,
457.8334,6,10.8866,1.8952,0.355486,0.175508,2.05973,1,,
510.6521,4,7.1553,2.1631,0.252952,0.264086,2.05809,1,,
574.9623,7,7.3356,2.2716,0.248353,0.538462,2.05835,1,,
1448.3931,4,16.3521,3.2805,0.425221,0.617847,2.06026,1,,
669.6839,6,3.0841,2.253,0.292847,0.60141,2.06031,1,,
870.873,2,10.4023,3.0797,0.377991,0.478197,2.0613,1,,
930.138,7,7.4234,2.9838,0.217864,0.527535,2.06123,1,,
626.0949,3,1.3207,2.6125,0.231964,0.382365,2.05965,1,,
1138.5686,3,4.9349,2.8741,0.245567,0.570641,2.06138,1,,
833.8871,3,0.9913,2.8333,0.195208,0.288151,2.06111,1,,
545.9191,6,0.6082,2.5693,0.315286,0.57864,2.0609,1,,
428.1449,3,0.7052,2.2911,0.421253,0.325498,2.06155,1,,
223.5189,3,1.5688,1.4935,0.172897,0.516477,2.06214,1,,
1199.864,3,2.2145,2.5917,0.475129,0.323254,2.0628,1,,
1117.9319,4,2.9261,2.811,0.449148,0.584573,2.06209,1,,
1098.1222,4,3.6548,2.8637,0.287871,0.398836,2.06183,1,,
1001.3192,4,2.4064,2.5675,0.341399,0.477285,2.06089,1,,
741.4896,2,2.2101,2.3081,0.247113,0.158459,2.06046,1,,
89.8691,4,0.1401,1.0333,0.435066,0.709576,2.06055,1,,
396.6509,4,0.9897,1.7864,0.366082,0.229872,2.06021,1,,
239.3223,2,0.647,1.3373,0.578498,0.447116,2.05718,1,,
414.6946,4,1.9695,2.1676,0.239805,0.627503,2.05632,1,,
441.9757,2,5.3941,1.7539,0.407643,0.217603,2.05816,1,,
163.7678,4,3.6573,1.2823,0.290086,0.620413,2.05559,1,,
253.5313,7,1.2661,1.5332,0.165077,0.599542,2.05499,1,,
337.6038,2,0.2562,1.8611,0.202375,0.426157,2.05524,1,,
342.6563,1,0.6726,1.8594,0.29735,0.378129,2.05496,1,,
798.3498,5,0.558,2.4764,0.333293,0.124601,2.05663,1,,
195.9038,1,0.8646,1.4646,0.311983,0.369476,2.05607,1,,
389.8019,2,1.9422,1.692,0.239744,0.488128,2.05452,1,,
637.4811,1,1.9292,2.3145,0.230201,0.302061,2.0716,1,,
252.7297,7,6.0666,1.4609,0.395178,0.45217,2.07392,1,,
667.4611,3,4.5246,2.1477,0.481045,0.413892,2.07757,1,,
994.2403,2,0.8992,3.2135,0.248202,0.334514,2.07979,1,,
896.873,0,5.4245,2.6645,0.405145,0.47578,2.09326,1,,
312.0565,0,0.9578,1.6056,0.491108,0.500893,2.09345,1,,
813.6755,2,1.9657,2.4585,0.29406,0.0653675,2.09463,1,,
782.7199,4,3.8707,2.1512,0.440631,0.443884,2.09431,1,,
733.8445,0,6.4402,2.5012,0.151047,0.194504,2.09483,1,,
724.2597,1,11.9407,2.5458,0.347468,0.327377,2.09515,1,,
716.1103,2,4.9843,2.025,0.127573,0.248726,2.09528,1,,
137.9495,5,0.5613,0.9655,0.136493,0.253199,2.09655,1,,
345.7557,1,0.8403,2.0946,0.191252,0.708197,2.09643,1,,
526.0891,4,0.9574,2.0952,0.308694,0.454221,2.09578,1,,
781.5278,2,3.0649,2.0522,0.408082,0.402125,2.09595,1,,
410.2146,2,2.6827,2.1854,0.443271,0.311789,2.09718,1,,
521.0059,2,0.5297,2.4525,0.314755,0.449526,2.09544,1,,
487.1295,4,1.2384,2.256,0.380522,0.479323,2.09608,1,,
828.3712,4,2.6148,2.805,0.28216,0.569344,2.09702,1,,
940.5721,4,4.9603,2.7446,0.280918,0.548198,2.09803,1,,
1153.1057,7,33.023,2.8392,0.242997,0.620702,2.09746,1,,
656.536,6,11.8893,2.4204,0.291506,0.537302,2.09608,1,,
1227.5352,6,4.0945,3.0474,0.242879,0.762861,2.09714,1,,
582.1122,3,4.8371,1.8779,0.606985,0.340191,2.09796,1,,
236.0966,3,1.3743,1.326,0.266616,0.344943,2.09718,1,,
526.3267,4,8.4246,1.6435,0.274575,0.667986,2.09815,1,,
1522.5925,4,5.4151,3.7758,0.464419,0.600546,2.09798,1,,
955.2884,4,21.1674,2.8546,0.218626,0.18972,2.09854,1,,
694.5166,8,6.2887,2.8612,0.381224,0.455229,2.09752,1,,
788.5707,7,2.8381,2.4778,0.135742,0.690979,2.09622,1,,
837.2443,11,4.3963,3.0607,0.183574,0.419405,2.09681,1,,
1147.9635,9,2.0606,2.7081,0.222653,0.269055,2.09755,1,,
891.9467,3,2.7826,3.0609,0.136132,0.409506,2.09718,1,,
285.5862,4,7.2106,1.7642,0.338792,0.21914,2.09649,1,,
891.8621,7,17.49,2.7295,0.267779,0.522574,2.09531,1,,
1031.985,10,24.2469,3.0635,0.372737,0.499524,2.09667,1,,
1182.8423,3,5.1522,3.5308,0.451131,0.445903,2.09469,1,,
342.0914,2,1.1304,1.8769,0.321673,0.468563,2.09638,1,,
909.1142,2,7.3397,3.1313,0.375852,0.464347,2.09619,1,,
516.4531,5,1.3067,2.0157,0.277061,0.505824,2.09602,1,,
1040.2318,4,4.4683,2.8207,0.216204,0.649482,2.09482,1,,
670.6216,3,0.9773,2.5528,0.648891,0.184095,2.0953,1,,
608.8574,2,4.2225,2.4105,0.405624,0.44302,2.0959,1,,
1374.2559,5,1.8253,3.4089,0.360244,0.666848,2.09547,1,,
589.2524,5,0.9308,2.3882,0.191306,0.461909,2.09462,1,,
1042.3158,7,1.2637,3.2592,0.331056,0.428419,2.09388,1,,
954.5617,3,3.0691,3.2372,0.24209,0.387655,2.09454,1,,
519.0785,6,2.1441,2.4772,0.184659,0.395391,2.09357,1,,
319.9355,6,0.2446,1.8836,0.286275,0.512557,2.09232,1,,
1016.8857,6,0.546,3.6577,0.455386,0.380423,2.09396,1,,
799.7617,4,0.5773,2.6853,0.157414,0.187829,2.0921,1,,
786.1564,2,0.8204,2.0637,0.5672,0.503556,2.09289,1,,
876.173,1,1.0094,2.3965,0.223858,0.34202,2.09309,1,,
447.3182,6,0.3983,1.8112,0.378116,0.294127,2.09267,1,,
377.6475,2,3.0763,1.5586,0.363081,0.422892,2.09205,1,,
103.827,2,0.3543,1.0245,0.276478,0.661981,2.09006,1,,
178.172,0,3.5701,1.3579,0.436763,0.513393,2.09259,1,,
138.9385,2,17.2947,0.9433,0.619496,0.367747,2.09069,1,,
161.5999,1,14.0236,0.9962,0,0,0,1,,
334.2273,3,6.228,1.0563,0,0,0,1,,
509.0142,3,0.8302,1.8089,0.41052,0.526977,2.08359,1,,
389.306,3,1.0555,1.5882,0.22688,0.582455,2.08349,1,,
283.1572,1,1.0822,1.5831,0.385111,0.685952,2.09498,1,,
598.6294,3,0.6403,2.4817,0.228786,0.489885,2.113,1,,
522.0632,2,1.2513,2.007,0.496073,0.569555,2.11313,1,,
279.8508,2,0.4639,1.5365,0.374314,0.379431,2.11206,1,,
381.7856,3,4.4383,2.1312,0.421233,0.347944,2.11393,1,,
455.7491,1,0.893,1.8151,0.201874,0.255687,2.11525,1,,
437.127,1,1.4281,1.8508,0.171977,0.312815,2.1146,1,,
736.093,1,3.8113,2.2905,0.306299,0.411115,2.11327,1,,
304.2375,6,0.6886,1.704,0.443117,0.51246,2.11371,1,,
236.1608,4,0.3794,1.5824,0.299348,0.624947,2.11308,1,,
389.8928,2,0.3522,1.863,0.461672,0.387527,2.1125,1,,
479.2179,3,0.4314,1.8594,0.269533,0.472082,2.1129,1,,
216.7668,1,0.419,1.3699,0.220705,0.528238,2.11257,1,,
526.8706,4,2.239,2.3701,0.190382,0.535236,2.11317,1,,
1251.8988,5,9.3208,3.4775,0.461,0.544027,2.11124,1,,
210.9029,3,0.502,1.3868,0.267761,0.423668,2.11241,1,,
882.7976,6,1.7491,2.8351,0.435805,0.229529,2.11301,1,,
1089.4515,5,0.9535,3.0307,0.232444,0.639258,2.11283,1,,
622.8186,3,2.3711,2.6455,0.361737,0.631585,2.11298,1,,
1131.4729,4,1.4471,2.8739,0.184069,0.470291,2.11351,1,,
764.8196,4,0.6067,3.0283,0.353759,0.118386,2.11234,1,,
613.5461,1,0.4287,2.8372,0.18149,0.686836,2.11367,1,,
768.5683,2,1.2915,2.8044,0.186417,0.629864,2.11333,1,,
2081.5474,4,1.464,3.8155,0.382821,0.302076,2.11311,1,,
637.6503,9,0.6813,2.6869,0.25909,0.454626,2.11247,1,,
577.6662,3,0.5979,2.2661,0.386603,0.342446,2.11311,1,,
1555.6842,3,3.2074,3.7422,0.336056,0.508761,2.11205,1,,
1280.1997,4,0.8532,2.9878,0.157212,0.552816,2.11162,1,,
1306.1066,6,1.2003,3.1591,0.494291,0.318786,2.11282,1,,
1009.6675,6,2.2403,3.7375,0.380153,0.494864,2.11317,1,,
646.0153,5,4.7658,2.5282,0.391905,0.326637,2.11272,1,,
411.7367,7,2.7706,2.1268,0.228928,0.514636,2.11322,1,,
527.3387,5,0.7129,2.4775,0.519394,0.226884,2.1136,1,,
427.3237,9,0.6181,1.9272,0.45819,0.267194,2.11246,1,,
592.5495,10,0.4577,2.457,0.509936,0.404527,2.1117,1,,
1024.2078,2,1.2169,2.7628,0.302407,0.416872,2.11229,1,,
606.7432,5,0.6084,2.3927,0.27111,0.440261,2.11348,1,,
1109.0253,4,1.2725,3.0915,0.163017,0.511818,2.11254,1,,
647.016,7,0.3726,2.649,0.232684,0.438075,2.11123,1,,
1558.0808,5,6.7456,3.9821,0.702833,0.0531358,2.11054,1,,
520.7325,5,0.8901,2.5696,0.282694,0.468046,2.11102,1,,
480.6136,3,0.3558,2.3092,0.187188,0.405971,2.11118,1,,
1531.8022,6,6.3144,3.797,0.16625,0.33562,2.11053,1,,
550.2547,5,3.1851,2.1126,0.346702,0.475844,2.11016,1,,
571.8132,6,1.8055,2.1692,0.235172,0.311841,2.11029,1,,
712.2225,6,0.9894,2.2902,0.309199,0.471889,2.10938,1,,
1103.8005,7,1.7291,2.5969,0.466292,0.694825,2.10946,1,,
613.9648,2,1.5209,2.3096,0.439934,0.561002,2.10909,1,,
275.8708,5,0.3864,1.9474,0.334502,0.37854,2.10791,1,,
379.5281,3,0.4348,1.9965,0.181177,0.471109,2.11294,1,,
1197.5627,4,1.1085,3.2151,0.258046,0.647569,2.10609,1,,
292.278,3,0.4131,1.8469,0.298632,0.661376,2.09634,1,,
635.3465,0,1.278,2.1611,0.287456,0.408037,2.09356,1,,
791.6997,3,1.7051,2.4531,0.179911,0.609992,2.09269,1,,
725.0612,2,0.4788,2.7643,0.354864,0.632427,2.09363,1,,
536.3271,0,0.6433,1.8119,0.445567,0.460234,2.09506,1,,
1075.7242,1,0.6933,2.637,0,0,0,1,,
920.4313,4,12.7313,2.5917,0.400064,0.12938,2.09874,1,,
729.3249,4,1.4661,2.216,0.555735,0.15851,2.09459,1,,
645.4654,4,0.5947,2.4153,0.299562,0.459121,2.10587,1,,
839.7961,6,2.7548,2.4516,0.397162,0.68023,2.11704,1,,
847.6387,2,2.5491,1.9544,0.289212,0.43777,2.13338,1,,
799.791,6,2.783,2.1764,0.208286,0.564357,2.13347,1,,
1008.0388,2,1.8122,3.1177,0.336541,0.445706,2.13339,1,,
346.8956,3,0.594,1.6945,0.334263,0.453431,2.13425,1,,
727.428,3,1.0168,2.3277,0.463351,0.319322,2.13435,1,,
1245.9965,2,1.9159,2.7575,0.106259,0.509427,2.13325,1,,
677.3903,2,1.6172,2.4214,0.35312,0.255739,2.12811,1,,
1017.3373,2,2.3311,2.6247,0.429775,0.606213,2.12877,1,,
812.6666,1,0.848,2.8449,0.254696,0.339125,2.12857,1,,
468.2092,5,5.6613,2.307,0.360619,0.573493,2.1288,1,,
564.5516,4,2.002,2.3387,0.333597,0.63657,2.12902,1,,
923.9924,5,1.1313,2.5439,0.142229,0.54019,2.13022,1,,
185.9878,3,0.1867,1.075,0.384366,0.536543,2.12846,1,,
573.165,4,0.5523,2.1969,0.237147,0.695004,2.12899,1,,
2113.543,4,1.4555,3.4279,0.336825,0.627183,2.12767,1,,
361.973,1,0.5631,1.2797,0.305723,0.524964,2.12559,1,,
574.113,7,1.9955,1.9142,0.260213,0.665736,2.12657,1,,
1003.1579,2,9.3023,2.2275,0.333769,0.662243,2.12696,1,,
867.2242,0,2.2879,2.3751,0.210241,0.285342,2.12858,1,,
795.7372,2,1.4525,2.2261,0.333149,0.58503,2.12671,1,,
918.6289,2,2.0036,2.1147,0.181139,0.644126,2.12744,1,,
875.798,2,1.3277,2.3835,0.260354,0.493189,2.12772,1,,
1692.8401,0,2.6685,3.1557,0.234923,0.693339,2.12603,1,,
208.1881,4,0.2599,1.3892,0.317078,0.24754,2.12771,1,,
678.5937,3,1.7947,2.6498,0.585458,0.413364,2.12877,1,,
547.574,2,0.7392,2.1312,0.388613,0.274381,2.12779,1,,
464.6117,5,2.9889,2.0311,0.247986,0.65578,2.12795,1,,
459.2706,2,2.9578,1.924,0.306981,0.600104,2.12753,1,,
540.2632,1,1.6753,2.0118,0.302355,0.311157,2.12715,1,,
382.4691,2,0.5859,1.9563,0.302709,0.754054,2.12765,1,,
242.4605,0,1.2354,1.316,0.338754,0.451844,2.1269,1,,
669.2737,4,0.9226,2.6839,0.260749,0.414653,2.12687,1,,
147.4109,4,0.2462,0.9689,0.486692,0.312223,2.12752,1,,
206.8379,1,1.0067,1.3335,0.312253,0.606673,2.12817,1,,
166.111,0,2.6731,1.3392,0.39262,0.253124,2.11804,1,,
100.6678,1,4.5132,1.1918,0.532978,0.555825,2.11205,1,,
291.5306,2,6.9258,1.4362,0.17117,0.323746,2.11012,1,,
260.8137,1,4.8529,1.6586,0.236658,0.670124,2.11732,1,,
1020.4636,5,2.9819,2.4723,0.561818,0.198166,2.11942,1,,
566.4786,2,4.6994,1.6313,0.460482,0.316037,2.11916,1,,
498.3596,2,4.8193,2.1873,0.462474,0.32311,2.11864,1,,
185.9218,2,0.5483,1.4021,0.337006,0.438365,2.11558,1,,
333.1674,2,2.6017,1.6075,0.402488,0.447909,2.11338,1,,
692.5547,0,8.134,2.5665,0.26036,0.564184,2.11758,1,,
457.3313,4,13.5602,2.006,0.105699,0.574766,2.1175,1,,
232.8296,3,1.7711,1.34,0.389086,0.481044,2.11721,1,,
552.9858,1,3.7954,2.1865,0.281479,0.524302,2.11731,1,,
595.5682,1,2.6985,2.05,0.206294,0.382284,2.11818,1,,
326.8472,2,1.0985,1.8968,0.299168,0.403289,2.11872,1,,
179.2885,0,2.1612,1.4383,0.344261,0.126748,2.11631,1,,
344.8763,3,0.9953,1.4165,0.177119,0.386125,2.11763,1,,
738.6456,2,2.8804,2.3269,0.460553,0.428108,2.1159,1,,
441.4085,2,3.0195,2.0384,0.340077,0.262103,2.11411,1,,
117.8313,4,4.0728,1.2213,0.326696,0.575346,2.11543,1,,
441.0352,4,13.4078,1.9744,0.184366,0.613206,2.11541,1,,
508.5004,4,5.9924,2.0536,0.387022,0.250779,2.11528,1,,
437.4094,2,5.6141,1.9683,0.464038,0.468726,2.11569,1,,
765.43,2,8.3099,2.4757,0.176476,0.466736,2.11445,1,,
345.7518,3,8.7453,1.5193,0.164506,0.472057,2.11417,1,,
330.8981,1,3.4543,1.7935,0.30063,0.451706,2.1148,1,,
526.7516,1,5.8,2.1602,0.213015,0.206706,2.11429,1,,
1107.8077,2,7.4566,3.0729,0.366075,0.613631,2.11352,1,,
440.3711,5,8.8924,1.976,0.185452,0.455227,2.11402,1,,
569.8897,4,16.5664,2.3411,0.304677,0.61642,2.11482,1,,
362.9217,3,0.8104,1.9606,0.304317,0.580025,2.11433,1,,
1203.2432,4,1.273,3.0306,0.154154,0.526115,2.11321,1,,
522.2181,4,19.5698,2.0441,0.19376,0.624205,2.11157,1,,
843.6099,5,27.635,2.9763,0.378104,0.467079,2.11336,1,,
785.584,5,31.3448,3.1974,0.396028,0.280292,2.1148,1,,
717.761,3,45.2821,2.5001,0.218608,0.469496,2.11488,1,,
988.8113,6,11.7674,2.8902,0.281056,0.634635,2.11344,1,,
688.8861,3,8.6493,2.4038,0.645303,0.263505,2.11279,1,,
865.7214,5,10.548,2.2951,0.423372,0.322364,2.11079,1,,
217.0086,4,14.3416,1.3415,0.653775,0.385938,2.11302,1,,
786.4363,7,9.2168,2.383,0.535124,0.335781,2.11419,1,,
526.6571,8,5.3478,2.3116,0.256151,0.537422,2.11338,1,,
274.0064,4,2.3768,1.6739,0.559274,0.502183,2.11344,1,,
434.2091,2,6.9133,1.8408,0.154587,0.606304,2.11375,1,,
144.819,4,3.6662,1.1567,0.183428,0.388121,2.1133,1,,
412.5247,1,5.4227,2.0162,0.212069,0.424482,2.11406,1,,
724.1002,6,15.8808,2.4122,0.375944,0.304622,2.1134,1,,
541.3033,3,12.0555,2.5922,0.202106,0.678013,2.11295,1,,
421.0045,7,14.6411,2.3695,0.129335,0.422267,2.11234,1,,
719.1549,4,8.4159,2.4292,0.0831494,0.491963,2.11164,1,,
1116.7977,3,6.3322,3.1745,0.531429,0.387565,2.11164,1,,
689.1786,3,1.6251,2.6511,0.56325,0.0666611,2.11042,1,,
818.5313,4,3.0138,2.4508,0.284093,0.388406,2.11008,1,,
512.1768,4,2.0369,2.348,0.303472,0.504543,2.11065,1,,
636.2849,5,1.9182,1.9194,0.662219,0.344464,2.10878,1,,
986.2933,5,7.3035,2.9831,0.16485,0.609784,2.10994,1,,
290.5894,7,1.9921,1.5088,0.341991,0.296453,2.11093,1,,
364.2993,5,2.4176,1.8877,0.131787,0.565611,2.11225,1,,
441.5677,4,9.909,2.185,0.210645,0.639214,2.10894,1,,
1108.874,3,10.4826,2.7156,0.325562,0.538011,2.11069,1,,
1148.2574,2,14.0963,3.446,0.432744,0.190262,2.10899,1,,
282.3232,4,1.2972,1.611,0.306874,0.598191,2.11054,1,,
612.6567,3,4.1349,2.4617,0.330918,0.615454,2.11045,1,,
185.4462,4,0.9954,1.1529,0.268769,0.470728,2.10946,1,,
168.6822,2,1.5331,1.3173,0.388197,0.606718,2.10776,1,,
187.2474,4,0.6641,1.4656,0.252041,0.476135,2.10812,1,,
183.8832,2,1.0473,1.0041,0.397642,0.497771,2.10689,1,,
198.342,5,0.997,1.3171,0.387379,0.405101,2.11584,1,,
185.8967,5,1.0532,1.2339,0.277702,0.206424,2.11393,1,,
531.6419,4,1.2532,1.6653,0.230895,0.566927,2.12386,1,,
529.6857,1,0.4691,1.6274,0.612627,0.300573,2.12195,1,,
549.7467,3,3.1576,2.1362,0.312749,0.465808,2.12155,1,,
132.5704,0,1.4552,1.2631,0.255139,0.139016,2.12127,1,,
199.7489,2,2.4089,1.4574,0.339078,0.236869,2.11965,1,,
269.7712,3,0.6352,1.4932,0.273452,0.279076,2.12168,1,,
430.0893,5,0.7917,1.742,0.316082,0.368977,2.12143,1,,
185.0361,4,0.3621,1.2973,0.347657,0.300043,2.12191,1,,
122.0131,4,1.6086,1.2306,0.473648,0.544544,2.12196,1,,
212.2957,1,2.0351,1.3821,0.247106,0.42727,2.12167,1,,
519.0442,1,10.8084,1.9405,0.353977,0.30112,2.12268,1,,
566.2891,1,9.614,2.1819,0.131481,0.363897,2.12142,1,,
379.5215,1,15.237,1.8464,0.166586,0.388639,2.12132,1,,
446.1946,1,27.367,2.0163,0.32393,0.284584,2.12209,1,,
422.8443,4,1.8467,2.0695,0.196537,0.398497,2.12211,1,,
248.2323,3,1.1367,1.5268,0.172193,0.577843,2.12203,1,,
504.4562,6,2.1451,2.0136,0.137656,0.42818,2.12162,1,,
603.576,6,2.0401,2.4007,0.208215,0.447012,2.12088,1,,
506.1602,3,3.2901,2.1328,0.122543,0.346712,2.12141,1,,
354.3697,4,2.6173,2.1341,0.188299,0.386112,2.12258,1,,
229.9564,6,7.0186,1.6843,0.432531,0.269831,2.12135,1,,
1093.0186,5,19.1797,2.679,0.161758,0.374769,2.12174,1,,
335.0168,5,1.7932,1.7646,0.378177,0.544305,2.12058,1,,
207.2991,4,1.8165,1.4901,0.145834,0.414353,2.12039,1,,
457.4753,8,0.4733,2.1554,0.375514,0.382703,2.11962,1,,
904.3529,6,8.5168,3.1691,0.213822,0.593872,2.12145,1,,
354.114,8,8.6439,1.6341,0.294704,0.329967,2.12186,1,,
593.4575,6,5.9165,2.3965,0.125516,0.194301,2.12163,1,,
992.2328,7,20.5336,2.6546,0.171286,0.44287,2.12238,1,,
255.957,6,2.8912,1.5102,0.290653,0.339397,2.12152,1,,
424.7609,7,8.706,2.0606,0.232583,0.530433,2.12097,1,,
492.4018,6,5.5047,2.0319,0.223771,0.497914,2.12127,1,,
144.1141,7,1.3964,1.151,0.186737,0.408657,2.12248,1,,
1066.0662,7,2.3996,3.2367,0.308455,0.080243,2.12169,1,,
1072.2256,6,1.3531,2.8112,0.123756,0.282811,2.12054,1,,
280.0927,4,1.1884,1.5786,0.2205,0.0644926,2.12149,1,,
904.9046,5,2.3678,2.5534,0.285375,0.40345,2.12262,1,,
627.0965,5,2.1199,2.3403,0.244347,0.130436,2.12068,1,,
678.3215,10,4.6511,2.1528,0.0984921,0.32121,2.12027,1,,
184.0777,3,2.1277,1.2885,0.239041,0.448243,2.12084,1,,
592.7076,5,13.7609,2.2224,0.439217,0.340168,2.11908,1,,
1225.8082,7,21.4821,3.5305,0.361683,0.612438,2.12012,1,,
591.672,5,12.7095,1.9485,0.321464,0.373412,2.12109,1,,
1213.726,5,23.1724,2.9269,0.136521,0.335592,2.12133,1,,
232.2334,8,8.3385,1.7345,0.208391,0.382083,2.12058,1,,
1013.328,8,4.4414,2.7757,0.203425,0.420695,2.1214,1,,
701.4075,4,3.9985,2.322,0.235577,0.417522,2.12067,1,,
546.9881,5,1.0408,2.1626,0.286023,0.182123,2.1203,1,,
541.4772,3,11.0803,2.1105,0.150427,0.394283,2.11919,1,,
361.9796,5,11.5222,1.8436,0.343404,0.112494,2.11974,1,,
315.2544,2,1.5056,1.873,0.320299,0.343566,2.1218,1,,
692.2701,6,1.7789,2.0493,0.153745,0.369222,2.11979,1,,
125.2222,6,0.1194,0.9123,0.142672,0.57067,2.12038,1,,
272.3889,4,0.262,1.5897,0.131687,0.445194,2.12088,1,,
546.1863,3,1.2364,2.2223,0.278038,0.197742,2.12089,1,,
572.2316,6,2.6796,2.2261,0.224562,0.570748,2.12059,1,,
638.0635,6,1.306,2.2046,0.174537,0.359839,2.12104,1,,
346.7001,1,1.9349,1.5768,0.517866,0.334766,2.12072,1,,
527.5244,4,3.2093,1.8983,0.251736,0.139579,2.12084,1,,
842.9468,3,6.1089,2.5511,0.309677,0.428518,2.12195,1,,
259.5629,4,7.6768,1.8068,0.230497,0.545173,2.12254,1,,
817.6508,6,1.6924,2.261,0.297317,0.685465,2.12223,1,,
109.8074,3,0.3258,0.9686,0.595832,0.361199,2.12176,1,,
542.0984,3,1.819,2.0928,0.205277,0.653477,2.12044,1,,
529.3426,5,1.3963,2.0927,0.187266,0.483708,2.11972,1,,
79.3595,1,0.0926,1.0144,0.594696,0.345599,2.12194,1,,
139.7495,6,0.2986,1.165,0.347717,0.357929,2.12235,1,,
252.9339,1,0.8797,1.4872,0.366121,0.64616,1.93314,1,,
350.6213,2,0.8668,1.7732,0.321543,0.354893,1.93281,1,,
144.1368,2,2.5459,1.1861,0.26626,0.736465,1.93308,1,,
169.6499,3,5.8795,1.2635,0.454826,0.540056,1.93797,1,,
197.4288,3,3.6267,1.3847,0.31616,0.656382,1.94831,1,,
57.1613,4,0.5307,0.7474,0.257685,0.106327,1.94834,1,,
166.0829,1,0.775,1.3118,0.189482,0.593413,1.94883,1,,
385.9149,2,1.2276,1.6964,0.50689,0.373195,1.94795,1,,
631.4661,0,1.2791,2.2499,0.210978,0.4448,1.94738,1,,
315.7419,1,0.5199,1.9173,0.0866363,0.503497,1.94912,1,,
275.9548,2,1.248,1.7727,0.266079,0.448021,1.94829,1,,
149.2473,2,0.4494,1.2606,0.113076,0.502773,1.9488,1,,
158.0033,3,0.4346,1.1691,0.330784,0.362731,1.94874,1,,
305.6432,4,14.4848,1.8867,0.18889,0.419403,1.94853,1,,
439.9743,7,1.8547,2.0946,0.237181,0.513579,1.9484,1,,
207.3617,3,0.3875,1.4002,0.243665,0.622496,1.95014,1,,
592.9093,5,1.7589,2.7526,0.120197,0.36485,1.95049,1,,
963.5159,4,1.1739,3.4459,0.268131,0.528416,1.9481,1,,
510.0399,3,0.9946,2.2835,0.10738,0.482543,1.95006,1,,
926.9605,5,2.0178,2.853,0.424479,0.36559,1.94695,1,,
802.0828,3,2.3751,2.7582,0.246732,0.353194,1.94775,1,,
932.6572,0,1.9368,2.1824,0.490833,0.298318,1.94659,1,,
273.4156,3,1.8449,1.4967,0.163697,0.149996,1.94567,1,,
249.8656,2,1.9628,1.5068,0.461203,0.420075,1.94613,1,,
342.5382,3,0.6131,1.8,0.195802,0.454661,1.94816,1,,
522.2957,0,9.7896,2.2816,0.334063,0.439362,1.94727,1,,
232.4963,4,0.558,1.42,0.217131,0.134441,1.94866,1,,
357.3799,2,1.091,1.6869,0.28871,0.436749,1.94856,1,,
678.8958,7,3.682,2.7753,0.211598,0.512563,1.95067,1,,
804.7264,2,4.4882,2.8814,0.207396,0.267842,1.95126,1,,
1196.402,3,12.0524,3.2147,0.149309,0.274204,1.95078,1,,
578.4025,5,3.0891,2.5474,0.542691,0.185865,1.95103,1,,
686.657,5,8.9528,2.7385,0.166337,0.240518,1.95178,1,,
1101.2354,0,31.5181,3.0026,0.0915646,0.654243,1.95138,1,,
871.9602,7,2.6304,2.511,0.0696322,0.391216,1.95033,1,,
558.0343,6,0.9135,2.1085,0.216857,0.486357,1.94983,1,,
1212.2688,8,7.8928,3.2995,0.393914,0.47899,1.94993,1,,
1055.5415,1,8.3173,2.5511,0.27124,0.556522,1.95261,1,,
745.4585,1,2.8882,2.3778,0.192949,0.386125,1.95169,1,,
1139.1858,5,7.519,2.3552,0.0754704,0.548981,1.95147,1,,
613.0128,2,11.9995,2.4869,0.210425,0.440973,1.95099,1,,
736.0607,5,9.3373,2.7791,0.38792,0.300223,1.95165,1,,
698.4803,4,20.2144,2.2461,0.50523,0.456961,1.95159,1,,
1040.9318,5,15.6794,2.9743,0.246442,0.325966,1.95297,1,,
856.428,6,3.598,3.0375,0.401244,0.243562,1.95161,1,,
829.4315,5,11.1772,3.0008,0.331909,0.419019,1.95067,1,,
1213.2703,4,3.7711,3.1205,0.356861,0.348997,1.95202,1,,
763.3228,5,3.1782,2.4298,0.102371,0.347673,1.95297,1,,
431.6544,5,7.235,2.357,0.090827,0.596111,1.9523,1,,
860.1537,0,5.2628,2.6124,0.246287,0.41691,1.95118,1,,
192.7844,4,4.1548,1.4948,0.125643,0.441342,1.95179,1,,
497.3913,5,4.3994,2.0698,0.0786994,0.369476,1.94822,1,,
378.5633,6,1.2689,1.7067,0.107366,0.469182,1.9504,1,,
289.8059,1,0.9791,1.6058,0.174021,0.627837,1.9452,1,,
172.3741,3,4.0582,1.4216,0.423764,0.668378,1.94762,1,,
560.3292,4,34.8012,2.3001,0.10134,0.661788,1.94702,1,,
254.8914,2,0.6997,1.6028,0.144591,0.674085,1.9492,1,,
523.2772,3,6.5197,2.0029,0.23321,0.611584,1.94713,1,,
520.5703,4,1.5348,1.9571,0.27753,0.518316,1.94862,1,,
459.2022,3,1.7807,1.4861,0.4826,0.251178,1.9476,1,,
815.09,4,0.8973,2.3635,0.179774,0.544019,1.9456,1,,
293.3026,4,1.1669,1.5419,0.347531,0.355551,1.95127,1,,
107.9716,1,0.5625,0.9895,0.134462,0.295172,1.94854,1,,
80.1132,2,1.703,0.7759,0.2464,0.456171,1.94673,1,,
138.5296,0,0.1441,1.3784,0.350178,0.647387,2.02384,0,,以下为非火焰
103.3562,0,0.2233,0.9789,0.444744,0.636192,2.02429,0,,
151.9773,0,0.0926,1.2926,0.351837,0.604088,2.0307,0,,
62.2996,0,0.0802,0.7495,0.382909,0.55875,2.0298,0,,
5.1206,0,0.3641,0.1818,0.26641,0.615134,2.03052,0,,
8.4044,0,0.2838,0.272,0.438702,0.55637,2.02604,0,,
72.6267,0,0.1839,0.6946,0.428636,0.60552,2.02819,0,,
223.7136,0,0.3085,1.4123,0.398953,0.610894,2.02699,0,,
478.266,0,0.7954,2.2666,0.384547,0.578558,2.02523,0,,
118.7815,0,0.2359,1.3248,0.41054,0.584755,2.02567,0,,
150.2843,0,0.159,1.1064,0.418543,0.613675,2.02697,0,,
94.7165,0,0.0786,0.9703,0.423318,0.575131,2.02584,0,,
520.9462,0,0.4646,2.1406,0.441098,0.585351,2.02555,0,,
183.493,0,0.3451,1.4723,0.428881,0.584364,2.02623,0,,
149.7511,0,0.1817,1.216,0.423385,0.590609,2.02576,0,,
180.4701,0,0.7534,1.4986,0.427228,0.55894,2.0236,0,,
336.0017,0,1.0111,1.9124,0.403248,0.644032,2.02396,0,,
60.7582,0,0.4084,0.854,0.458627,0.583005,2.02447,0,,
131.8967,0,0.8706,1.3212,0.42133,0.574863,2.02291,0,,
203.1336,0,0.2185,1.6017,0.393771,0.649679,2.02464,0,,
348.2755,0,0.3596,2.1548,0.408969,0.610192,2.02303,0,,
192.7515,0,0.3729,1.332,0.421962,0.60385,2.02285,0,,
217.6826,0,0.4012,1.5879,0.432528,0.630864,2.02379,0,,
141.0255,0,0.141,1.2716,0.39329,0.585373,2.0234,0,,
132.0513,0,0.0933,1.2448,0.413717,0.60433,2.02219,0,,
152.1963,0,0.1133,0.8014,0.476392,0.577889,2.02344,0,,
67.937,0,0.0568,0.8681,0.388973,0.654397,2.02367,0,,
43.6407,0,0.0345,0.5639,0.384378,0.609627,2.0228,0,,
39.9952,0,0.0989,0.6889,0.368814,0.516812,2.02359,0,,
170.6194,0,0.2069,1.5092,0.440742,0.634243,2.02409,0,,
37.8121,0,0.0707,0.4006,0.424304,0.642848,2.02439,0,,
27.9959,0,0.0769,0.4492,0.432283,0.661818,2.02293,0,,
10.4988,0,0.0763,0.3117,0.433413,0.593055,2.03196,0,,
23.7512,0,0.1597,0.4186,0.381896,0.589548,2.03188,0,,
33.076,0,0.4351,0.3736,0.461611,0.584422,2.03163,0,,
19.9922,0,0.074,0.3629,0.362692,0.603567,2.02999,0,,
145.3333,0,0.1458,1.2363,0.543904,0.56429,2.03031,0,,
226.5623,0,0.301,1.081,0.430858,0.576844,2.03012,0,,
27.8712,0,0.2235,0.5937,0.413869,0.608673,2.02932,0,,
27.8057,0,0.52,0.3591,0.412409,0.583637,2.02943,0,,
199.4744,0,0.152,1.253,0.48477,0.565455,2.02915,0,,
56.1528,0,0.1919,0.5012,0.402664,0.599855,2.0286,0,,
18.3135,0,0.2966,0.3606,0.382181,0.569525,2.02759,0,,
50.6514,0,0.0376,0.7653,0.434237,0.610094,2.0279,0,,
22.3997,0,0.0261,0.4084,0.389722,0.589829,2.02758,0,,
120.7599,0,0.1689,1.1557,0.373339,0.581737,2.02773,0,,
93.1392,0,0.465,0.9453,0.397224,0.56237,2.02659,0,,
71.518,0,0.075,0.6327,0.40856,0.55189,2.02478,0,,
490.9403,0,1.0729,2.225,0.425778,0.616459,2.02476,0,,
425.3333,0,0.9167,2.0107,0.383206,0.612558,2.02437,0,,
224.7232,0,0.4073,1.6291,0.390536,0.629066,2.02317,0,,
288.2966,0,0.4459,1.6937,0.459299,0.582947,2.02437,0,,
70.6831,0,0.0411,0.6512,0.417986,0.560503,2.02338,0,,
136.1179,0,0.1458,0.9141,0.440885,0.622978,2.02077,0,,
146.8467,0,0.1354,1.3238,0.397371,0.620474,2.02088,0,,
95.5651,0,0.0699,0.9456,0.410396,0.602068,2.02299,0,,
106.4832,0,0.3252,1.0586,0.388471,0.590787,2.02063,0,,
122.1438,0,0.1586,1.0517,0.381708,0.611121,2.02075,0,,
150.7974,0,0.6522,1.1271,0.390761,0.587524,2.0205,0,,
223.9018,0,0.1734,1.632,0.410804,0.583938,2.0199,0,,
103.2821,0,0.2185,1.158,0.407657,0.565626,2.01874,0,,
206.2879,0,0.203,1.5511,0.380376,0.570757,2.02545,0,,
197.174,0,0.1999,1.3614,0.385193,0.56283,2.02546,0,,
614.8267,0,2.478,2.0835,0.384687,0.599736,2.01963,0,,
65.1661,0,0.1423,0.619,0.370602,0.575263,2.01865,0,,
203.1146,0,0.3385,1.5085,0.383957,0.579359,2.01972,0,,
142.5613,0,0.1943,1.3093,0.371586,0.57437,2.01832,0,,
194.0755,0,0.1821,1.084,0.362892,0.585353,2.01893,0,,
330.1605,0,0.3061,1.6413,0.365595,0.581451,2.02007,0,,
45.8277,0,0.0862,0.6743,0.406689,0.56543,2.02017,0,,
65.262,0,0.32,0.8228,0.404104,0.591466,2.01851,0,,
279.3279,0,0.6177,1.5897,0.40581,0.584685,2.01901,0,,
513.1679,0,0.8885,2.14,0.371632,0.566763,2.02387,0,,
368.135,0,1.8355,1.8429,0.36252,0.590767,2.02486,0,,
184.1782,0,0.2355,1.1264,0.396165,0.582287,2.02479,0,,
6.8348,0,0.1204,0.2606,0.375083,0.548947,2.02523,0,,
129.273,0,0.1154,1.1517,0.347429,0.514909,2.02101,0,,
407.7616,0,0.2532,1.7964,0.373628,0.660493,2.0216,0,,
172.7188,0,0.34,1.1884,0.308838,0.585863,1.69207,0,,
108.3464,0,0.1104,1.0586,0.436697,0.511965,1.70205,0,,
264.9755,0,0.2606,1.7347,0.520648,0.565797,1.69756,0,,
238.6345,0,0.2445,1.4332,0.50182,0.58196,1.71171,0,,
15.9086,0,0.043,0.2865,0.504908,0.594866,1.74203,0,,
82.9363,0,0.1413,0.9644,0.377523,0.551675,1.74319,0,,
96.3234,0,0.161,1.0643,0.421793,0.578931,1.74109,0,,
325.3324,0,0.2863,1.6688,0.406076,0.59551,1.74344,0,,
245.6186,0,0.33,1.6199,0.439298,0.589729,1.74344,0,,
245.8679,0,0.2444,1.6289,0.480088,0.578729,1.74367,0,,
117.0469,0,0.3408,1.0842,0.449798,0.585207,1.73238,0,,
123.3972,0,0.2694,1.1637,0.429926,0.603564,1.73414,0,,
248.0218,0,1.0324,1.5371,0.463172,0.631878,1.72949,0,,
33.7503,0,0.2392,0.6856,0.496378,0.623007,1.73465,0,,
95.9425,0,0.1244,1.0148,0.388849,0.549415,1.7348,0,,
159.1915,0,0.4391,1.3222,0.482599,0.605411,1.73277,0,,
165.2415,0,0.3666,1.3154,0.495303,0.531005,1.73108,0,,
76.3896,0,0.0855,0.99,0.396299,0.554324,1.73652,0,,
28.9706,0,0.0912,0.3703,0.471536,0.622313,1.74542,0,,
103.3148,0,0.4648,1.0721,0.41028,0.576771,1.74323,0,,
443.2713,0,0.6141,1.3906,0.359672,0.57192,1.736,0,,
353.1156,0,0.377,1.8821,0.474127,0.543764,1.73854,0,,
18.7211,0,0.078,0.4725,0.364432,0.634321,1.73659,0,,
145.17,0,0.1357,1.2292,0.366167,0.60246,1.73713,0,,
222.6258,0,0.3644,1.6202,0.413379,0.60111,1.73656,0,,
174.459,0,0.7599,1.351,0.418867,0.571644,1.73593,0,,
130.2624,0,0.1304,1.134,0.475949,0.608908,1.73538,0,,
205.801,0,0.288,1.304,0.396553,0.554732,1.73713,0,,
123.1858,0,0.2992,1.201,0.42724,0.611275,1.73537,0,,
196.2533,0,0.1999,1.4197,0.379706,0.58965,1.73635,0,,
99.7918,0,0.2453,0.8307,0.330691,0.565479,1.73566,0,,
57.866,0,0.2376,0.5592,0.442964,0.575796,1.73554,0,,
5.8979,0,0.159,0.1328,0.426803,0.530879,1.73603,0,,
6.4319,0,0.5976,0.2037,0.423124,0.591419,1.73245,0,,
143.6308,0,0.1349,1.21,0.420851,0.58185,1.73298,0,,
214.0859,0,0.1881,0.8368,0.417662,0.593788,1.72996,0,,
296.1922,0,0.3808,1.6725,0.425383,0.590434,1.74427,0,,
258.6675,0,0.2394,1.4655,0.450698,0.596232,1.74403,0,,
303.0792,0,0.3098,1.77,0.434454,0.563401,1.74304,0,,
307.5437,0,0.444,1.5862,0.434167,0.611185,1.74282,0,,
195.7956,0,0.1931,1.2816,0.468085,0.623517,1.74523,0,,
76.7411,0,0.2856,1.031,0.424018,0.535628,1.74476,0,,
100.0694,0,0.1185,0.7684,0.458558,0.579057,1.74423,0,,
32.0375,0,0.5794,0.5092,0.421617,0.541412,1.74436,0,,
42.6117,0,0.1823,0.5879,0.483919,0.621902,1.7429,0,,
26.0652,0,0.1647,0.3497,0.469573,0.597947,1.74356,0,,
15.6389,0,0.2159,0.2692,0.382925,0.585102,1.74308,0,,
8.5775,0,0.0718,0.2222,0.525944,0.55808,1.74296,0,,
13.5833,0,0.0554,0.3766,0.378226,0.56654,1.74197,0,,
31.9008,0,0.0442,0.4365,0.54901,0.459584,1.74385,0,,
316.7714,0,0.3679,1.4106,0.445938,0.59431,1.7409,0,,
177.6138,0,0.251,1.3962,0.391009,0.574978,1.7412,0,,
387.0505,0,0.38,1.3682,0.371767,0.571525,1.74185,0,,
304.093,0,0.2404,1.6249,0.472093,0.563356,1.74088,0,,
368.2624,0,0.4086,1.7702,0.522401,0.569057,1.73913,0,,
239.7567,0,0.2263,1.2511,0.516515,0.602666,1.74167,0,,
118.7608,0,0.1615,0.7614,0.412133,0.582599,1.73888,0,,
22.2698,0,0.6429,0.2861,0.482554,0.609005,1.74052,0,,
102.7894,0,0.1863,1.1382,0.403807,0.576665,1.74226,0,,
228.3418,0,0.4846,1.4932,0.423822,0.57745,1.73937,0,,
374.8684,0,0.4163,1.7345,0.499693,0.556438,1.73955,0,,
130.3492,0,0.1286,0.8373,0.498562,0.569868,1.73855,0,,
141.602,0,0.3113,1.3673,0.455349,0.581901,1.73899,0,,
205.2543,0,0.45,1.4609,0.537866,0.543607,1.73882,0,,
158.3034,0,0.1942,1.4368,0.450299,0.578148,1.7355,0,,
129.553,0,0.3002,1.1928,0.47187,0.600071,1.73694,0,,
80.0055,0,0.1767,1.0945,0.485518,0.606617,1.73538,0,,
469.6392,0,0.5242,2.0553,0.444009,0.566488,1.73553,0,,
293.6072,0,0.6056,1.484,0.403535,0.561671,1.73338,0,,
209.8463,0,0.5694,1.5371,0.399016,0.577333,1.73205,0,,
216.8535,0,0.168,1.2892,0.47177,0.583178,1.73212,0,,
84.6251,0,0.1166,0.7282,0.38664,0.547421,1.73065,0,,
75.8814,0,0.9354,1.0022,0.503697,0.521069,1.73538,0,,
119.4515,0,0.6291,1.1303,0.483057,0.551685,1.74793,0,,
11.364,0,0.2883,0.3214,0.494963,0.568374,1.74969,0,,
5.9741,0,0.3814,0.1767,0.421877,0.591244,1.74765,0,,
28.6214,0,0.7342,0.4349,0.432695,0.549108,1.748,0,,
11.5317,0,0.3243,0.3056,0.493351,0.578574,1.74583,0,,
11.1985,0,1.0525,0.2928,0.497307,0.613037,1.74287,0,,
55.8421,0,1.0572,0.7778,0.443982,0.589815,1.73333,0,,
36.0493,0,3.1813,0.5124,0.434319,0.575765,1.73709,0,,
224.8508,0,0.9811,1.4762,0.285346,0.496989,1.79712,0,,
203.2576,0,1.6239,1.4948,0.42508,0.43189,1.81423,0,,
164.2372,0,0.8451,0.9681,0.475523,0.543568,1.82349,0,,
290.1857,0,0.1988,1.4551,0.508866,0.372417,1.82694,0,,
117.6566,0,0.1041,1.1231,0.485416,0.405475,1.81646,0,,
301.5302,0,0.2474,2.0149,0.388605,0.622363,1.81725,0,,
424.8462,0,0.3987,2.3093,0.579719,0.41648,1.81848,0,,
155.3617,0,0.269,1.1229,0.507858,0.513774,1.81985,0,,
197.1776,0,0.1604,1.6338,0.45022,0.504389,1.81842,0,,
79.9366,0,0.1085,0.9633,0.455093,0.479053,1.81555,0,,
199.1194,0,0.109,1.6492,0.420808,0.452702,1.81629,0,,
228.6536,0,0.325,1.5789,0.398578,0.484736,1.80623,0,,
423.0484,0,1.3419,2.2474,0.479726,0.513195,1.81051,0,,
387.5462,0,0.5287,2.0091,0.392949,0.420726,1.8107,0,,
111.533,0,0.1512,1.0952,0.436014,0.493445,1.81053,0,,
492.2297,0,0.3692,2.1646,0.430272,0.430668,1.81098,0,,
153.2305,0,0.1193,1.1916,0.432013,0.478354,1.80618,0,,
290.4106,0,0.2779,1.5277,0.404063,0.575361,1.80345,0,,
145.1138,0,0.2357,1.0405,0.440726,0.470893,1.80634,0,,
233.6879,0,0.7606,1.4317,0.411491,0.514904,1.80717,0,,
85.4909,0,0.226,0.9332,0.429523,0.496977,1.80509,0,,
386.4718,0,0.3704,2.1689,0.430792,0.471935,1.80506,0,,
375.7357,0,0.3602,1.9587,0.436972,0.462918,1.8015,0,,
61.4149,0,0.1028,0.8127,0.417091,0.334366,1.81794,0,,
100.7238,0,0.174,0.9032,0.456928,0.354704,1.82163,0,,
50.3715,0,0.3146,0.5789,0.479156,0.470648,1.81467,0,,
12.3226,0,0.0799,0.2917,0.389562,0.461328,1.8166,0,,
19.2871,0,0.1091,0.3339,0.38909,0.599162,1.81312,0,,
162.5038,0,0.1661,1.388,0.422281,0.547129,1.81475,0,,
103.6125,0,0.0668,0.971,0.430427,0.37072,1.81182,0,,
188.9026,0,0.1673,1.4942,0.445311,0.521226,1.81024,0,,
106.8107,0,0.2766,1.1386,0.414575,0.491112,1.81257,0,,
444.6984,0,0.9365,1.8709,0.425184,0.425106,1.80188,0,,
215.2168,0,0.395,1.7508,0.417297,0.448365,1.81013,0,,
127.2638,0,0.0921,1.329,0.507647,0.456212,1.8,0,,
366.9463,0,0.389,1.9421,0.441076,0.574473,1.80647,0,,
46.5283,0,0.27,0.5413,0.447076,0.370802,1.80712,0,,
132.0519,0,0.6187,0.9399,0.473495,0.442851,1.80799,0,,
134.8374,0,0.4841,0.8796,0.465058,0.441371,1.8039,0,,
228.1418,0,0.7101,1.6828,0.510344,0.502091,1.80721,0,,
167.8905,0,0.1733,1.3028,0.488183,0.476345,1.79987,0,,
172.3731,0,0.1147,1.4601,0.442692,0.439847,1.81305,0,,
208.8312,0,0.1738,1.3201,0.463989,0.356141,1.82235,0,,
280.8452,0,0.2481,1.384,0.51032,0.414294,1.82189,0,,
371.713,0,0.4872,1.17,0.464124,0.425683,1.81667,0,,
168.336,0,0.1273,1.1825,0.549348,0.403998,1.81683,0,,
148.9019,0,0.1402,1.2138,0.517504,0.405256,1.81497,0,,
273.585,0,0.1748,1.882,0.539182,0.451423,1.81223,0,,
161.8958,0,0.1789,1.1364,0.467003,0.471916,1.81132,0,,
329.7426,0,0.3636,1.8093,0.500556,0.249291,1.80982,0,,
434.2369,0,0.5481,1.7267,0.435653,0.498704,1.80927,0,,
270.542,0,0.4242,1.626,0.448134,0.40986,1.80996,0,,
217.6687,0,0.1526,1.1438,0.485152,0.46325,1.80756,0,,
584.783,0,0.328,2.3309,0.395742,0.338024,1.80767,0,,
173.524,0,0.5117,1.151,0.410031,0.547473,1.80865,0,,
121.3412,0,0.5058,0.9981,0.471469,0.525475,1.80315,0,,
181.2576,0,1.527,1.007,0.437028,0.526438,1.8061,0,,
207.6898,0,0.3275,1.2031,0.438432,0.401094,1.80144,0,,
292.6005,0,0.4326,1.6506,0.474631,0.476349,1.80034,0,,
156.7764,0,0.3371,1.0158,0.439163,0.434009,1.79062,0,,
66.6858,0,0.4903,0.7508,0.506013,0.439309,1.78622,0,,
416.8328,0,0.6482,1.7645,0.427539,0.551497,1.7842,0,,
234.9169,0,0.3043,1.285,0.531615,0.437971,1.80178,0,,
89.0657,0,0.1946,0.9189,0.696632,0.22301,1.82656,0,,
51.5713,0,0.0813,0.7766,0.689276,0.240885,1.82909,0,,
14.799,0,0.1301,0.3727,0.753378,0.0945179,1.82627,0,,
75.8814,0,0.9354,1.0022,0.664977,0.231896,1.82806,0,,
119.4515,0,0.6291,1.1303,0.655227,0.274291,1.82764,0,,
11.364,0,0.2883,0.3214,0.7324,0.0979866,1.82575,0,,
5.9741,0,0.3814,0.1767,0.651127,0.0615926,1.83528,0,,
28.6214,0,0.7342,0.4349,0.722445,0.182734,1.8383,0,,
11.5317,0,0.3243,0.3056,0.708565,0.208508,1.83972,0,,
11.1985,0,1.0525,0.2928,0.642616,0.192826,1.83652,0,,
55.8421,0,1.0572,0.7778,0.721511,0.228027,1.84031,0,,
36.0493,0,3.1813,0.5124,0.664255,0.194291,1.83991,0,,
224.8508,0,0.9811,1.4762,0.664144,0.0846318,1.83748,0,,
203.2576,0,1.6239,1.4948,0.681336,0.0558606,1.8382,0,,
164.2372,0,0.8451,0.9681,0.748731,0.212939,1.83414,0,,
290.1857,0,0.1988,1.4551,0.687386,0.180564,1.837,0,,
117.6566,0,0.1041,1.1231,0.541778,0.181148,1.83396,0,,
301.5302,0,0.2474,2.0149,0.655346,0.164448,1.83747,0,,
424.8462,0,0.3987,2.3093,0.674901,0.140757,1.83455,0,,
155.3617,0,0.269,1.1229,0.714324,0.16692,1.83486,0,,
197.1776,0,0.1604,1.6338,0.58013,0.176819,1.83376,0,,
79.9366,0,0.1085,0.9633,0.744621,0.161739,1.83174,0,,
199.1194,0,0.109,1.6492,0.729719,0.11291,1.83033,0,,
228.6536,0,0.325,1.5789,0.711332,0.121429,1.82983,0,,
423.0484,0,1.3419,2.2474,0.700293,0.186108,1.82787,0,,
387.5462,0,0.5287,2.0091,0.664084,0.150011,1.82575,0,,
111.533,0,0.1512,1.0952,0.671257,0.145261,1.82529,0,,
492.2297,0,0.3692,2.1646,0.731285,0.0702208,1.82298,0,,
153.2305,0,0.1193,1.1916,0.638825,0.175792,1.82188,0,,
290.4106,0,0.2779,1.5277,0.693177,0.117377,1.83105,0,,
145.1138,0,0.2357,1.0405,0.645631,0.358124,1.83222,0,,
233.6879,0,0.7606,1.4317,0.691815,0.124104,1.83377,0,,
85.4909,0,0.226,0.9332,0.680733,0.0680746,1.83422,0,,
386.4718,0,0.3704,2.1689,0.721561,0.0917566,1.83355,0,,
375.7357,0,0.3602,1.9587,0.635144,0.168933,1.83348,0,,
61.4149,0,0.1028,0.8127,0.697264,0.117023,1.83186,0,,
100.7238,0,0.174,0.9032,0.711978,0.0769745,1.8335,0,,
50.3715,0,0.3146,0.5789,0.694856,0.0984589,1.83115,0,,
12.3226,0,0.0799,0.2917,0.657821,0.100326,1.82997,0,,
19.2871,0,0.1091,0.3339,0.651917,0.0809693,1.83111,0,,
162.5038,0,0.1661,1.388,0.698727,0.102398,1.82822,0,,
103.6125,0,0.0668,0.971,0.652196,0.0815089,1.82554,0,,
188.9026,0,0.1673,1.4942,0.682199,0.102756,1.82579,0,,
106.8107,0,0.2766,1.1386,0.675041,0.104496,1.82394,0,,
444.6984,0,0.9365,1.8709,0.661766,0.124299,1.82296,0,,
215.2168,0,0.395,1.7508,0.712317,0.107424,1.82342,0,,
127.2638,0,0.0921,1.329,0.719909,0.114381,1.82074,0,,
366.9463,0,0.389,1.9421,0.636949,0.120923,1.82118,0,,
46.5283,0,0.27,0.5413,0.713733,0.0945291,1.82276,0,,
132.0519,0,0.6187,0.9399,0.716336,0.10414,1.81931,0,,
134.8374,0,0.4841,0.8796,0.687215,0.0764024,1.83929,0,,
228.1418,0,0.7101,1.6828,0.665426,0.0672748,1.83668,0,,
167.8905,0,0.1733,1.3028,0.718718,0.0498951,1.83511,0,,
172.3731,0,0.1147,1.4601,0.671484,0.0637939,1.83688,0,,
208.8312,0,0.1738,1.3201,0.682824,0.0772656,1.8362,0,,
280.8452,0,0.2481,1.384,0.714174,0.0583739,1.83732,0,,
371.713,0,0.4872,1.17,0.705088,0.0776329,1.83463,0,,
168.336,0,0.1273,1.1825,0.645303,0.0962209,1.83232,0,,
148.9019,0,0.1402,1.2138,0.670526,0.0863639,1.83573,0,,
273.585,0,0.1748,1.882,0.676187,0.0769943,1.83502,0,,
161.8958,0,0.1789,1.1364,0.733346,0.0178825,1.82526,0,,
329.7426,0,0.3636,1.8093,0.712436,0.065435,1.83158,0,,
434.2369,0,0.5481,1.7267,0.736082,0.0887266,1.8312,0,,
270.542,0,0.4242,1.626,0.739834,0.0885307,1.83037,0,,
217.6687,0,0.1526,1.1438,0.68687,0.0826522,1.8303,0,,
584.783,0,0.328,2.3309,0.736379,0.0737765,1.82779,0,,
173.524,0,0.5117,1.151,0.67,0.0832444,1.82848,0,,
121.3412,0,0.5058,0.9981,0.725476,0.0838938,1.82782,0,,
181.2576,0,1.527,1.007,0.673491,0.0967626,1.83038,0,,
207.6898,0,0.3275,1.2031,0.685964,0.0985283,1.82929,0,,
292.6005,0,0.4326,1.6506,0.676003,0.0911099,1.82622,0,,
156.7764,0,0.3371,1.0158,0.708316,0.0939751,1.82579,0,,
66.6858,0,0.4903,0.7508,0.692615,0.0970922,1.82231,0,,
416.8328,0,0.6482,1.7645,0.727054,0.0809969,1.82994,0,,
234.9169,0,0.3043,1.285,0.682238,0.25809,1.81588,0,,
89.0657,0,0.1946,0.9189,0.74354,0.188185,1.82776,0,,
51.5713,0,0.0813,0.7766,0.730319,0.210651,1.80245,0,,
14.799,0,0.1301,0.3727,0.692958,0.195643,1.83404,0,,
28.1993,0,0.0483,0.595,0.693691,0.0766591,1.83171,0,,
81.6887,0,0.2787,0.9883,0.631208,0.381974,1.82771,0,,
419.2498,0,0.9822,2.018,0.677468,0.0759778,1.82727,0,,
200.7931,0,0.245,1.113,0.444876,0.166389,1.80845,0,,
112.054,0,0.1227,0.6396,0.525932,0.266786,1.80932,0,,
102.1817,0,1.8647,0.901,0.595434,0.130533,1.81049,0,,
94.162,0,0.1694,1.002,0.728966,0.0730502,1.85166,0,,
42.5208,0,0.0391,0.605,0.768082,0.192475,1.86004,0,,
256.2368,0,0.1957,1.2888,0.64892,0.256915,1.85919,0,,
195.6057,0,0.1898,1.4509,0.753594,0.18478,1.86135,0,,
386.0997,0,1.3474,1.942,0.746455,0.0625023,1.86591,0,,
385.8076,0,0.6532,1.6783,0.656853,0.0505288,1.86812,0,,
110.0768,0,0.1778,1.1196,0.701114,0.0823159,1.86487,0,,
482.1582,0,1.101,1.575,0.688852,0.0627329,1.8635,0,,
425.9813,0,0.9943,2.0616,0.684116,0.0967068,1.86409,0,,
489.5063,0,1.0688,2.0248,0.715311,0.233295,1.86081,0,,
316.2537,0,0.5005,1.469,0.677433,0.0965532,1.86082,0,,
225.7721,0,0.2429,1.274,0.701919,0.0872053,1.86255,0,,
210.8042,0,2.0153,1.3503,0.702118,0.0999361,1.86198,0,,
49.0241,0,0.1747,0.7133,0.690859,0.10087,1.86085,0,,
93.757,0,0.1432,0.9985,0.737848,0.213783,1.86082,0,,
93.9563,0,0.1411,0.8737,0.683158,0.212268,1.86024,0,,
10.1494,0,0.0482,0.2953,0.736404,0.0917932,1.85921,0,,
5.4765,0,0.1773,0.1865,0.692947,0.0972276,1.8588,0,,
8.2757,0,0.1944,0.2247,0.707729,0.102385,1.85657,0,,
9.4474,0,0.1505,0.263,0.729579,0.107923,1.85702,0,,
10.8144,0,0.728,0.2856,0.690811,0.108959,1.85733,0,,
14.6209,0,1.178,0.3359,0.675583,0.111094,1.85291,0,,
9.9159,0,0.8307,0.2921,0.651561,0.121751,1.85227,0,,
19.3021,0,1.642,0.4445,0.713289,0.103698,1.85111,0,,
21.0898,0,0.8985,0.3839,0.660749,0.113355,1.85059,0,,
46.168,0,0.2498,0.5345,0.691376,0.117234,1.84815,0,,
70.2016,0,0.1664,0.7016,0.676925,0.120982,1.84911,0,,
60.1259,0,4.2933,0.6934,0.666166,0.120505,1.84688,0,,
132.0781,0,1.0207,0.8624,0.685569,0.136206,1.84638,0,,
29.2714,0,0.2963,0.3876,0.636879,0.144107,1.84722,0,,
49.3866,0,0.2816,0.5769,0.735629,0.134457,1.84408,0,,
5.9361,0,0.1288,0.1538,0.712252,0.0984041,1.85636,0,,
8.9406,0,0.469,0.2893,0.707636,0.0866057,1.85703,0,,
10.4587,0,0.3298,0.2569,0.703336,0.0818298,1.85815,0,,
76.6091,0,0.1893,0.707,0.710009,0.101511,1.85671,0,,
206.1485,0,0.2376,1.5603,0.699037,0.0829543,1.85683,0,,
233.1844,0,0.6532,1.7509,0.657089,0.0995708,1.85781,0,,
39.9752,0,0.4032,0.5213,0.687792,0.123236,1.85585,0,,
19.9847,0,0.7875,0.413,0.716312,0.112185,1.85571,0,,
69.9201,0,0.4356,0.8649,0.6662,0.107052,1.85335,0,,
191.8314,0,0.1273,1.3277,0.654294,0.104825,1.85253,0,,
16.1497,0,0.0371,0.3001,0.704075,0.117996,1.85258,0,,
18.1334,0,0.2171,0.403,0.655301,0.118429,1.85171,0,,
18.4125,0,0.5614,0.2474,0.640169,0.12538,1.85064,0,,
10.3124,0,0.5096,0.2616,0.667047,0.131528,1.85196,0,,
34.8351,0,0.1574,0.4714,0.66141,0.123243,1.85156,0,,
13.5885,0,0.4439,0.2825,0.636542,0.122566,1.84849,0,,
12.5511,0,0.5396,0.2472,0.670799,0.126652,1.84859,0,,
44.4612,0,0.138,0.5114,0.677702,0.130973,1.84882,0,,
36.1716,0,0.5584,0.3916,0.633488,0.132035,1.84921,0,,
73.2717,0,2.7911,0.6112,0.623554,0.135341,1.84951,0,,
50.1448,0,0.2042,0.5154,0.661227,0.139737,1.85015,0,,
91.6769,0,0.1527,0.8303,0.669455,0.121498,1.84691,0,,
69.9446,0,0.1472,0.9756,0.593958,0.148405,1.848,0,,
192.4866,0,0.2299,1.3923,0.590839,0.114235,1.84483,0,,
125.9137,0,0.2415,0.8762,0.706426,0.130466,1.85684,0,,
41.1495,0,0.3018,0.3875,0.675484,0.10645,1.86264,0,,
8.9147,0,0.2026,0.273,0.672582,0.110915,1.8617,0,,
24.2107,0,0.2641,0.4786,0.631082,0.117893,1.86288,0,,
77.648,0,0.1729,0.8752,0.695893,0.125659,1.86052,0,,
174.1676,0,0.3032,1.1423,0.676883,0.113398,1.86284,0,,
38.2765,0,0.0749,0.5204,0.632729,0.1267,1.86238,0,,
339.2599,0,0.6011,1.8296,0.606812,0.137985,1.8606,0,,
76.8297,0,0.5516,0.9145,0.659756,0.12345,1.86023,0,,
36.7549,0,0.9104,0.501,0.676577,0.124212,1.85761,0,,
5.2888,0,0.1203,0.19,0.656979,0.129881,1.85922,0,,
4.8946,0,0.0976,0.2106,0.638887,0.119097,1.85739,0,,
115.4724,0,0.21,1.2162,0.694224,0.124063,1.85913,0,,
175.9027,0,0.1773,1.3844,0.605925,0.120142,1.85886,0,,
79.6917,0,0.7011,0.7985,0.679691,0.132283,1.85786,0,,
111.8944,0,0.9397,1.0135,0.676001,0.131297,1.85158,0,,
56.4797,0,0.2393,0.6504,0.608976,0.141355,1.85494,0,,
467.3229,0,0.9397,1.9982,0.618297,0.132322,1.85526,0,,
432.477,0,0.8633,1.6996,0.670866,0.135326,1.85742,0,,
147.95,0,0.903,1.2736,0.600191,0.120426,1.85436,0,,
85.3453,0,0.4335,0.8587,0.682408,0.131265,1.85455,0,,
79.1758,0,6.3902,0.7379,-roundIndex:,-eccIndex:,-entropy:,0,,
144.3516,0,0.2827,0.9925,0.54572,0.0552069,1.83647,0,,
6.9669,0,0.0192,0.2261,0.619312,0.0221337,1.85344,0,,
15.8461,0,0.2745,0.3553,0.673354,0.0664758,1.8471,0,,
19.532,0,0.1692,0.3585,0.639174,0.0402208,1.85191,0,,
250.0214,0,0.3609,1.4601,0.597757,0.0360125,1.85986,0,,
349.4426,0,0.3953,1.5713,0.6703,0.0513542,1.87295,0,,
993.5049,0,1.5837,2.7612,0.562473,0.0505873,1.86767,0,,
818.4893,0,1.3626,2.1355,0.601009,0.0328919,1.8378,0,,
1101.8043,0,1.0997,1.8929,0.703985,0.0444183,1.94996,0,,
687.2771,0,0.9375,2.4053,0.608036,0.0330469,1.96122,0,,
199.1632,0,0.3031,1.3085,0.663322,0.299449,1.96505,0,,
177.1272,0,2.6502,0.944,0.542098,0.37923,1.95946,0,,
379.2144,0,0.4364,1.6813,0.689779,0.0331512,1.96122,0,,
595.4482,0,0.9568,2.4788,0.529267,0.304393,1.9647,0,,
347.0463,0,0.9184,1.4603,0.561879,0.0159603,1.96841,0,,
641.0248,0,0.484,1.7977,0.679048,0.0210394,1.9613,0,,
198.8039,0,0.2616,0.8787,0.670083,0.0306782,1.95886,0,,
98.4292,0,0.1054,0.7025,0.645399,0.0171394,1.95726,0,,
324.3737,0,0.3124,1.2289,0.675885,0.0204703,1.96329,0,,
318.3475,0,1.9399,1.2079,0.574478,0.0325874,1.96373,0,,
297.0551,0,2.9728,1.727,0.434741,0.351945,1.96401,0,,
134.0715,0,0.1688,1.052,0.576756,0.0348104,1.9636,0,,
591.9743,0,1.1299,1.4761,0.582119,0.0327992,1.96158,0,,
1511.5605,0,1.1656,2.9227,0.629802,0.0443925,1.96138,0,,
472.5526,0,0.3509,1.6082,0.615251,0.0417364,1.96173,0,,
92.6439,0,0.8124,0.6931,0.664263,0.0298563,1.96069,0,,
120.8446,0,0.3869,1.1026,0.592943,0.0390245,1.95966,0,,
1865.3019,0,1.9353,3.8116,0.58892,0.0460978,1.96088,0,,
425.828,0,0.3449,1.5172,0.605455,0.0389911,1.95946,0,,
116.8499,0,1.0098,0.4805,0.560102,0.0226382,1.95808,0,,
60.1973,0,0.3615,0.5862,0.617319,0.0347942,1.95739,0,,
1168.5824,0,5.7908,2.1896,0.570367,0.0286141,1.95786,0,,
932.7089,0,1.4618,2.0331,0.647343,0.0381337,1.95714,0,,
749.0284,0,1.5074,2.3096,0.587604,0.0506114,1.95632,0,,
580.7026,0,0.593,2.415,0.560146,0.0493744,1.95584,0,,
345.0397,0,0.4278,1.4389,0.632506,0.019031,1.97286,0,,
221.8433,0,0.3104,1.0519,0.648832,0.224001,1.96507,0,,
294.8259,0,1.3089,1.2207,0.611758,0.0229429,1.96523,0,,
299.3,0,0.3869,1.1897,0.58823,0.0231651,1.9671,0,,
985.3453,0,1.4231,2.4722,0.486572,0.374449,1.96675,0,,
135.9763,0,0.2956,1.0392,0.55342,0.0200458,1.96664,0,,
164.6754,0,1.279,1.0737,0.667051,0.050071,1.96569,0,,
402.1046,0,0.3909,1.6463,0.621706,0.0763162,1.96544,0,,
106.3291,0,0.3438,0.7702,0.685547,0.0549686,1.96725,0,,
182.6125,0,0.7283,1.0766,0.6217,0.0655555,1.96389,0,,
52.7921,0,0.4208,0.5074,0.663989,0.0447291,1.95305,0,,
35.1029,0,0.0992,0.4609,0.663729,0.070743,1.96274,0,,
119.456,0,0.224,0.8444,0.632533,0.0726908,1.9629,0,,
49.6617,0,0.0522,0.7286,0.655745,0.0703823,1.95051,0,,
33.6608,0,0.0608,0.5424,0.617224,0.0678305,1.95608,0,,
22.3906,0,0.2656,0.411,0.670672,0.0733328,1.95928,0,,
166.836,0,4.1465,1.0806,0.623914,0.0678578,1.96166,0,,
103.2583,0,0.4188,1.0454,0.624327,0.0567062,1.96149,0,,
586.8261,0,0.9758,2.2255,0.552578,0.0655084,1.96033,0,,
537.5023,0,1.2257,2.2723,0.638908,0.0790004,1.9616,0,,
195.4861,0,0.422,1.1286,0.547981,0.0682825,1.95846,0,,
304.3498,0,0.468,1.5166,0.617793,0.0823342,1.95893,0,,
221.3997,0,0.3016,1.1378,0.615212,0.0745195,1.95433,0,,
147.9897,0,0.1257,0.9987,0.548905,0.0827083,1.95632,0,,
276.0732,0,0.5186,1.5177,0.586692,0.0598667,1.95749,0,,
517.3243,0,1.3353,2.0177,0.649124,0.0426502,1.97977,0,,
572.1885,0,0.798,2.1408,0.629196,0.0501175,1.97862,0,,
229.3287,0,0.3471,1.4133,0.635553,0.0521438,1.97092,0,,
178.3461,0,0.4097,1.3157,0.626476,0.0499465,1.97591,0,,
337.5902,0,0.3358,1.5451,0.636338,0.043238,1.97405,0,,
701.4289,0,0.7753,1.6721,0.653347,0.0655733,1.97291,0,,
92.5667,0,0.3176,0.8489,0.572348,0.05525,1.97261,0,,
61.2733,0,1.4376,0.7594,0,0,0,0,,
504.9059,0,0.8337,2.1574,0,0,0,0,,
745.8138,0,0.5161,2.3979,0,0,0,0,,
193.902,0,0.5824,1.1662,0,0,0,0,,
73.3485,0,0.1679,0.8003,0,0,0,0,,
65.3212,0,0.6649,0.8481,0,0,0,0,,
258.2297,0,0.8179,1.2963,0,0,0,0,,
217.4176,0,0.6209,1.4708,0,0,0,0,,
314.8028,0,0.701,1.8858,0,0,0,0,,
148.3705,0,0.2761,1.4065,0,0,0,0,,
352.0239,0,0.6067,1.6832,0,0,0,0,,
179.3274,0,0.3719,0.9067,0,0,0,0,,
171.2189,0,1.9403,1.0962,0,0,0,0,,
86.6666,0,1.1025,0.642,0,0,0,0,,
840.6909,0,0.8354,1.829,0,0,0,0,,
673.3915,0,0.8872,1.4462,0,0,0,0,,
652.8583,0,0.9756,2.5237,0,0,0,0,,
331.8947,0,1.0231,1.7517,0,0,0,0,,
577.5299,0,0.7428,2.3632,0,0,0,0,,
588.259,0,0.5428,2.5532,0,0,0,0,,
455.9686,0,0.617,2.3682,0,0,0,0,,
232.8714,0,0.7464,1.236,0,0,0,0,,
1490.58,0,1.5181,3.5965,0,0,0,0,,
1101.3976,0,1.5994,2.2751,0,0,0,0,,
228.7638,0,0.2144,1.4528,0,0,0,0,,
221.7482,0,0.4905,1.1409,0,0,0,0,,
230.7486,0,1.8679,1.415,0,0,0,0,,
740.5256,0,1.4612,2.1146,0,0,0,0,,
769.2058,0,1.1573,2.68,0,0,0,0,,
399.3781,0,0.8829,2.1398,0,0,0,0,,
853.8939,0,0.9336,2.4823,0,0,0,0,,
259.5064,0,0.4945,1.4902,0,0,0,0,,
998.3693,0,0.993,2.9073,0,0,0,0,,
988.8712,0,1.1463,2.6342,0,0,0,0,,
885.0143,0,0.4887,2.821,0,0,0,0,,
1588.7625,0,2.9933,2.6591,0,0,0,0,,
1362.1108,0,0.8042,2.8054,0,0,0,0,,
728.5433,0,0.5011,2.4877,0,0,0,0,,
228.2839,0,0.2272,1.1496,0,0,0,0,,
413.8972,0,1.0258,1.4749,0,0,0,0,,
1352.5908,0,0.9234,2.9512,0,0,0,0,,
1015.5446,0,0.6452,3.0871,0,0,0,0,,
843.4188,0,0.5215,2.8076,0,0,0,0,,
977.0945,0,0.9247,3.1399,0,0,0,0,,
165.5879,0,0.4337,1.0056,0,0,0,0,,
177.6578,0,0.3109,0.9963,0,0,0,0,,
74.0904,0,0.3136,0.7494,0,0,0,0,,
158.4298,0,0.2908,0.9852,0,0,0,0,,
72.4064,0,0.625,0.5256,0,0,0,0,,
1181.5016,0,1.2594,2.4185,0,0,0,0,,
341.3893,0,0.606,1.7476,0,0,0,0,,
562.1042,0,3.8229,2.3847,0,0,0,0,,
802.9655,0,2.4039,2.8188,0,0,0,0,,
274.158,0,5.7475,1.2543,0,0,0,0,,
235.663,0,0.8116,1.596,0,0,0,0,,
245.4362,0,0.5169,1.4054,0,0,0,0,,
147.6519,0,0.5138,1.0981,0,0,0,0,,
95.0598,0,0.1319,0.7998,0,0,0,0,,
516.3651,0,0.5094,1.9876,0,0,0,0,,
813.8733,0,0.4008,2.4368,0,0,0,0,,
484.0955,0,1.4902,1.9462,0,0,0,0,,
621.3607,0,1.5583,2.0947,0,0,0,0,,
357.1779,0,0.5774,1.5784,0,0,0,0,,
229.4584,0,0.285,1.205,0,0,0,0,,
1211.3369,0,0.5816,3.226,0,0,0,0,,
881.7607,0,1.0177,2.7827,0,0,0,0,,
1002.4243,0,0.7199,2.443,0,0,0,0,,
833.4916,0,0.4249,2.453,0,0,0,0,,
953.4044,0,0.4265,3.1232,0,0,0,0,,
1714.4976,0,1.2121,3.2094,0,0,0,0,,
487.9096,0,1.5138,2.2939,0,0,0,0,,
408.0716,0,0.3026,2.2579,0,0,0,0,,
1167.292,1,0.6848,2.9956,0,0,0,0,,
352.4247,0,0.5308,1.5548,0,0,0,0,,
55.2972,0,0.1186,0.6829,0,0,0,0,,
94.6935,0,0.8304,0.8775,0,0,0,0,,
262.6232,0,1.0052,1.4281,0,0,0,0,,
180.1867,0,0.4604,1.1458,0,0,0,0,,
61.4724,0,0.2206,0.6826,0,0,0,0,,
130.7354,0,0.2802,0.9536,0,0,0,0,,
291.6614,0,0.1793,1.4593,0,0,0,0,,
256.2599,0,0.2154,1.6382,0,0,0,0,,
75.1338,0,0.2014,0.9001,0,0,0,0,,
101.1379,0,0.1792,0.9456,0,0,0,0,,
678.5141,0,0.3549,1.9444,0,0,0,0,,
10.6232,0,0.0168,0.3281,0,0,0,0,,
28.3358,0,0.1751,0.4619,0,0,0,0,,
287.6171,0,0.8232,1.6706,0,0,0,0,,
127.8569,0,0.5965,1.0111,0,0,0,0,,
130.5238,0,0.4252,1.0436,0,0,0,0,,
102.6343,0,0.2396,0.7452,0,0,0,0,,
527.0447,0,1.6794,1.7775,0,0,0,0,,
412.2395,0,1.3794,1.5207,0,0,0,0,,
231.4496,0,0.862,1.4686,0,0,0,0,,
391.5837,0,0.7703,1.8353,0,0,0,0,,
98.0334,0,0.6163,0.9435,0,0,0,0,,
58.9731,0,0.0678,0.7716,0,0,0,0,,
293.2466,0,0.1903,1.6464,0,0,0,0,,
127.5236,0,0.0977,0.984,0,0,0,0,,
144.0106,0,0.2816,0.9566,0,0,0,0,,
256.0497,0,0.6558,1.6881,0,0,0,0,,
411.2368,0,1.0585,1.9999,0,0,0,0,,
322.5605,0,1.1996,1.6005,0,0,0,0,,
225.537,0,0.2897,1.2891,0,0,0,0,,
670.9454,0,0.8532,1.9359,0,0,0,0,,
804.4459,0,0.6824,2.2638,0,0,0,0,,
432.5414,0,1.1675,1.8007,0,0,0,0,,
147.257,0,0.118,1.2162,0,0,0,0,,
62.7016,0,0.0691,0.7395,0,0,0,0,,
512.7598,0,0.6898,2.3762,0,0,0,0,,
1062.5786,0,1.0065,2.7102,0,0,0,0,,
306.5633,0,0.502,1.1085,0,0,0,0,,
75.4627,0,0.1147,0.8314,0,0,0,0,,
295.1639,0,0.5909,1.046,0,0,0,0,,
939.4756,0,0.8482,2.0756,0,0,0,0,,
139.1497,0,0.1246,1.023,0,0,0,0,,
514.4577,0,0.2962,1.8713,0,0,0,0,,
157.7485,0,0.1425,1.2659,0,0,0,0,,
181.2848,0,1.2891,1.2232,0,0,0,0,,
152.4451,0,0.298,1.1015,0,0,0,0,,
120.0584,0,0.1773,0.8411,0,0,0,0,,
565.5419,0,0.3714,1.6239,0,0,0,0,,
25.5627,0,0.0475,0.55,0,0,0,0,,
233.4671,0,1.0004,1.3578,0,0,0,0,,
463.2741,0,0.9668,1.6762,0,0,0,0,,
519.632,0,0.5754,1.8493,0,0,0,0,,
183.2605,0,0.2268,1.3537,0,0,0,0,,
292.2338,0,0.5497,1.397,0,0,0,0,,
418.5209,0,1.6036,1.7915,0,0,0,0,,
133.7856,0,1.9607,1.1702,0,0,0,0,,
566.078,0,2.0056,2.0619,0,0,0,0,,
209.4085,0,1.659,0.9362,0,0,0,0,,
124.5367,0,0.6347,0.8045,0,0,0,0,,
35.4916,0,0.6295,0.5715,0,0,0,0,,
119.4046,0,2.5546,0.9646,0,0,0,0,,
99.4833,0,0.8274,1.0906,0,0,0,0,,
121.186,0,0.7162,0.9363,0,0,0,0,,
72.8615,0,0.5323,0.858,0,0,0,0,,
85.1947,0,1.1188,0.8144,0,0,0,0,,
111.5943,0,0.4413,0.9714,0,0,0,0,,
43.5076,0,0.3534,0.6766,0,0,0,0,,
65.4956,0,0.0894,0.7439,0,0,0,0,,
40.0446,0,0.4476,0.575,0,0,0,0,,
28.3199,0,0.1854,0.5616,0,0,0,0,,
58.3713,0,0.6944,0.655,0,0,0,0,,
149.9179,0,1.0251,1.2386,0,0,0,0,,
96.002,0,0.6543,0.9305,0,0,0,0,,
94.5031,0,0.2872,0.8526,0,0,0,0,,
302.1096,0,0.3055,1.2915,0,0,0,0,,
218.4058,0,0.2056,1.4106,0,0,0,0,,
97.6874,0,0.1472,0.7843,0,0,0,0,,
46.1597,0,0.743,0.4808,0,0,0,0,,
99.5322,0,0.231,0.6778,0,0,0,0,,
295.4018,0,0.3141,1.1476,0,0,0,0,,
91.9154,0,0.1562,0.7465,0,0,0,0,,
149.6122,0,0.2522,0.7399,0,0,0,0,,
81.7422,0,0.0701,0.8222,0,0,0,0,,
89.9801,0,0.2967,0.8947,0,0,0,0,,
176.1122,0,0.9375,0.9032,0,0,0,0,,
67.4846,0,0.3377,0.7326,0,0,0,0,,
77.522,0,0.1381,1.0187,0,0,0,0,,
247.3837,0,0.3656,1.5718,0,0,0,0,,
65.4655,0,0.0666,0.7005,0,0,0,0,,
104.0799,0,0.198,0.9852,0,0,0,0,,
268.2013,0,0.5726,1.2541,0,0,0,0,,
25.7141,0,0.1892,0.434,0,0,0,0,,
22.0899,0,0.2722,0.2972,0,0,0,0,,
51.5028,0,0.9725,0.5457,0,0,0,0,,
120.414,0,3.0161,0.6739,0,0,0,0,,
7.3247,0,0.4234,0.1228,0,0,0,0,,
121.3018,0,1.7351,0.8979,0,0,0,0,,
26.8975,0,0.5894,0.4108,0,0,0,0,,
97.0655,0,0.5125,1.0957,0,0,0,0,,
293.9122,0,0.9835,1.8146,0,0,0,0,,
210.9597,0,1.093,1.3623,0,0,0,0,,
166.0358,0,0.1546,1.3308,0,0,0,0,,
117.7473,0,0.183,0.9235,0,0,0,0,,
69.1051,0,0.1705,0.7586,0,0,0,0,,
217.4976,0,0.8277,1.1054,0,0,0,0,,
14.7175,0,0.1633,0.2239,0,0,0,0,,
66.5897,0,0.1191,0.5829,0,0,0,0,,
51.6927,0,0.3358,0.5826,0,0,0,0,,
101.2509,0,0.4084,0.844,0,0,0,0,,
122.0722,0,0.5754,0.9988,0,0,0,0,,
46.9402,0,0.1886,0.7462,0,0,0,0,,
60.7097,0,0.2792,0.6295,0,0,0,0,,
104.4742,0,0.4186,0.7061,0,0,0,0,,
326.3106,0,0.5516,1.1654,0,0,0,0,,
104.3569,0,1.1902,0.7655,0,0,0,0,,
199.3245,0,0.6962,1.0303,0,0,0,0,,
465.5247,0,0.7408,1.818,0,0,0,0,,
35.0932,0,0.2574,0.4352,0,0,0,0,,
77.6911,0,1.2958,0.7514,0,0,0,0,,
20.3666,0,0.1917,0.4167,0,0,0,0,,
63.5801,0,0.1524,0.6828,0,0,0,0,,
96.208,0,0.1364,0.7704,0,0,0,0,,
171.7864,0,1.1294,1.0309,0,0,0,0,,
153.4041,0,0.3311,1.2459,0,0,0,0,,
251.8772,0,0.1812,1.3795,0,0,0,0,,
214.0157,0,1.2933,1.4085,0,0,0,0,,
197.2453,0,0.2234,0.9822,0,0,0,0,,
161.5956,0,1.3729,1.0743,0,0,0,0,,
90.3176,0,0.8123,0.9411,0,0,0,0,,
121.7395,0,0.4692,1.0155,0,0,0,0,,
55.9233,0,0.7064,0.7362,0,0,0,0,,
26.0706,0,0.817,0.532,0,0,0,0,,
35.6206,0,0.2569,0.5683,0,0,0,0,,
14.1623,0,0.2318,0.3705,0,0,0,0,,
43.5581,0,0.223,0.7285,0,0,0,0,,
51.5629,0,0.1048,0.5018,0,0,0,0,,
127.3301,0,0.3284,1.1731,0,0,0,0,,
59.2201,0,0.269,0.8024,0,0,0,0,,
130.0464,0,0.173,0.902,0,0,0,0,,
18.0976,0,0.0397,0.4716,0,0,0,0,,
54.1256,0,0.3222,0.6688,0,0,0,0,,
102.1747,0,0.1956,0.9273,0,0,0,0,,
124.1928,0,0.2701,0.925,0,0,0,0,,
151.2782,0,0.7852,1.3522,0,0,0,0,,
62.0244,0,0.1041,0.5789,0,0,0,0,,
42.0227,0,0.144,0.5837,0,0,0,0,,
84.0083,0,0.5149,0.5928,0,0,0,0,,
222.267,0,0.6922,1.4152,0,0,0,0,,
36.3337,0,0.2296,0.4875,0,0,0,0,,
16.0837,0,0.0974,0.3701,0,0,0,0,,
24.0523,0,0.2322,0.4684,0,0,0,0,,
47.5713,0,0.0966,0.5904,0,0,0,0,,
163.0634,0,0.4915,0.7944,0,0,0,0,,
303.4164,0,0.1968,1.3422,0,0,0,0,,
391.8933,0,0.4103,1.5785,0,0,0,0,,
183.1758,0,1.7636,1.1162,0,0,0,0,,
36.6058,0,0.1836,0.5265,0,0,0,0,,
43.0823,0,0.1722,0.5864,0,0,0,0,,
44.3082,0,0.3856,0.5957,0,0,0,0,,
53.185,0,0.0798,0.7045,0,0,0,0,,
15.342,0,0.1134,0.3659,0,0,0,0,,
17.3916,0,0.4419,0.3525,0,0,0,0,,
102.2662,0,0.2335,0.9423,0,0,0,0,,
12.3544,0,0.1336,0.2957,0,0,0,0,,
159.8813,0,0.2426,1.1068,0,0,0,0,,
79.414,0,0.2632,0.8731,0,0,0,0,,
123.8722,0,0.1553,0.971,0,0,0,0,,
217.0552,0,0.2052,1.2625,0,0,0,0,,
10.6039,0,0.0444,0.1978,0,0,0,0,,
5.8041,0,0.1101,0.2177,0,0,0,0,,
40.5668,0,0.3508,0.6195,0,0,0,0,,
11.6213,0,0.2696,0.3779,0,0,0,0,,
29.6086,0,0.0694,0.5094,0,0,0,0,,
65.0168,0,0.2494,0.7254,0,0,0,0,,
32.9544,0,0.2272,0.6169,0,0,0,0,,
106.5872,0,0.5136,0.8615,0,0,0,0,,
104.0387,0,0.3114,0.8142,0,0,0,0,,
142.2387,0,0.8202,0.8944,0,0,0,0,,
59.7122,0,0.128,0.6777,0,0,0,0,,
17.9561,0,0.1012,0.4274,0,0,0,0,,
11.927,0,0.0699,0.3447,0,0,0,0,,
10.5336,0,0.1101,0.2651,0,0,0,0,,
15.7815,0,0.1516,0.3635,0,0,0,0,,
35.4084,0,0.1198,0.5633,0,0,0,0,,
5.1805,0,0.2588,0.193,0,0,0,0,,
51.1054,0,0.1538,0.6957,0,0,0,0,,
107.2969,0,1.2122,0.922,0,0,0,0,,
73.5231,0,0.8116,0.6998,0,0,0,0,,
20.2172,0,0.2454,0.4605,0,0,0,0,,
10.0732,0,0.0789,0.2296,0,0,0,0,,
26.0991,0,0.2209,0.4174,0,0,0,0,,
19.2724,0,0.647,0.3309,0,0,0,0,,
31.8342,0,0.1458,0.4524,0,0,0,0,,
13.3917,0,0.1168,0.2052,0,0,0,0,,
225.796,0,0.9813,1.1321,0,0,0,0,,
38.884,0,0.2185,0.6002,0,0,0,0,,
14.5858,0,1.0158,0.359,0,0,0,0,,
20.5837,0,0.8444,0.4165,0,0,0,0,,
40.3553,0,0.2987,0.653,0,0,0,0,,
33.3022,0,0.1423,0.5041,0,0,0,0,,
36.0989,0,0.8118,0.4201,0,0,0,0,,
101.1638,0,0.1444,1.0183,0,0,0,0,,
113.5987,0,0.0933,0.8692,0,0,0,0,,
497.8957,0,0.4973,1.6017,0,0,0,0,,
644.3418,0,0.7983,2.1293,0,0,0,0,,
934.3322,0,0.9729,2.2745,0,0,0,0,,
1418.3002,0,3.6953,2.3888,0,0,0,0,,
689.2993,0,1.4752,2.5637,0,0,0,0,,
100.6107,0,0.4149,1.1389,0,0,0,0,,
36.6599,0,0.2779,0.6579,0,0,0,0,,
65.0841,0,0.2993,0.75,0,0,0,0,,
16.4354,0,0.133,0.3586,0,0,0,0,,
25.7248,0,0.1751,0.27,0,0,0,0,,
31.5816,0,0.1838,0.4712,0,0,0,0,,
167.359,0,0.2072,1.2518,0,0,0,0,,
16.786,0,0.1092,0.454,0,0,0,0,,
17.7411,0,0.0998,0.4115,0,0,0,0,,
30.8381,0,0.3471,0.4928,0,0,0,0,,
344.3017,0,4.3234,1.8425,0,0,0,0,,
386.3028,0,0.3525,1.3339,0,0,0,0,,
243.9576,0,0.6421,0.8459,0,0,0,0,,
44.9361,0,2.0268,0.4557,0,0,0,0,,
65.4155,0,0.1154,0.6901,0,0,0,0,,
126.851,0,0.3117,0.9161,0,0,0,0,,
166.7689,0,0.4983,1.0451,0,0,0,0,,
60.3067,0,0.5558,0.6783,0,0,0,0,,
33.6886,0,0.3146,0.5795,0,0,0,0,,
39.1571,0,0.1313,0.5845,0,0,0,0,,
51.9538,0,0.2964,0.6989,0,0,0,0,,
156.3005,0,0.5836,1.026,0,0,0,0,,
58.58,0,0.1426,0.8602,0,0,0,0,,
138.0016,0,0.2261,1.1813,0,0,0,0,,
116.3716,0,0.4146,0.964,0,0,0,0,,
117.6939,0,0.6341,1.1431,0,0,0,0,,
112.6907,0,0.6432,0.9234,0,0,0,0,,
30.9793,0,0.2391,0.543,0,0,0,0,,
12.9175,0,0.078,0.4101,0,0,0,0,,
64.7958,0,0.2316,0.8836,0,0,0,0,,
327.6243,0,0.4395,1.7169,0,0,0,0,,
82.9257,0,0.1298,0.9602,0,0,0,0,,
143.8605,0,0.4284,1.1724,0,0,0,0,,
93.6458,0,0.1911,0.9408,0,0,0,0,,
34.1906,0,0.0766,0.5963,0,0,0,0,,
108.6606,0,0.252,0.8226,0,0,0,0,,
311.808,0,0.6651,1.6173,0,0,0,0,,
110.3947,0,0.5035,1.1839,0,0,0,0,,
227.7603,0,0.851,1.4965,0,0,0,0,,
206.6471,0,0.4047,1.4591,0,0,0,0,,
77.9217,0,0.6443,0.8567,0,0,0,0,,
16.7829,0,0.0646,0.3346,0,0,0,0,,
134.4879,0,0.6504,1.1119,0,0,0,0,,
183.9244,0,0.4272,0.9507,0,0,0,0,,
157.612,0,1.7457,1.3644,0,0,0,0,,
100.9045,0,0.4152,1.0723,0,0,0,0,,
41.218,0,0.2183,0.5884,0,0,0,0,,
14.2589,0,0.203,0.2714,0,0,0,0,,
25.3939,0,0.1493,0.3932,0,0,0,0,,
429.4201,0,0.3661,1.6823,0,0,0,0,,
344.6481,0,1.2915,1.4258,0,0,0,0,,
124.3376,0,0.1745,0.8662,0,0,0,0,,
24.473,0,0.1554,0.3752,0,0,0,0,,
13.2163,0,0.128,0.3652,0,0,0,0,,
42.5948,0,3.1807,0.496,0,0,0,0,,
12.5629,0,0.2431,0.3656,0,0,0,0,,
23.0202,0,0.132,0.4504,0,0,0,0,,
105.1863,0,0.1331,1.106,0,0,0,0,,
79.3037,0,0.0938,0.7347,0,0,0,0,,
120.3065,0,0.168,0.9669,0,0,0,0,,
9.6038,0,0.0787,0.286,0,0,0,0,,
11.3512,0,0.3852,0.2805,0,0,0,0,,
27.2844,0,0.3397,0.5817,0,0,0,0,,
235.615,0,0.5865,1.4622,0,0,0,0,,
12.6231,0,0.083,0.1755,0,0,0,0,,
6.6559,0,0.2838,0.2118,0,0,0,0,,
8.0032,0,0.6722,0.2619,0,0,0,0,,
3.7138,0,0.8648,0.1513,0,0,0,0,,
29.9825,0,0.5173,0.3829,0,0,0,0,,
25.788,0,0.3395,0.3337,0,0,0,0,,
43.3653,0,1.028,0.5721,0,0,0,0,,
107.7614,0,0.1621,0.7462,0,0,0,0,,
159.0326,0,0.7829,1.0807,0,0,0,0,,
420.8185,0,0.6049,2.0382,0,0,0,0,,
92.5069,0,0.2829,0.7572,0,0,0,0,,
10.3612,0,0.1985,0.237,0,0,0,0,,
52.0853,0,0.4422,0.842,0,0,0,0,,
131.1745,0,0.1756,1.0465,0,0,0,0,,
22.2283,0,0.1653,0.4331,0,0,0,0,,
77.354,0,0.2217,0.7858,0,0,0,0,,
92.9894,0,0.879,1.0392,0,0,0,0,,
1129.9204,0,4.2744,2.7118,0,0,0,0,,
342.5961,0,2.045,1.6983,0,0,0,0,,
421.0034,0,1.4426,1.5575,0,0,0,0,,
77.6254,0,0.9578,0.8667,0,0,0,0,,
69.5882,0,0.2386,0.8499,0,0,0,0,,
46.2426,0,0.1187,0.5533,0,0,0,0,,
14.6744,0,0.1492,0.334,0,0,0,0,,
5.8505,0,0.066,0.2007,0,0,0,0,,
30.024,0,0.4647,0.5392,0,0,0,0,,
29.8645,0,0.4458,0.4219,0,0,0,0,,
31.0422,0,0.367,0.5429,0,0,0,0,,
46.09,0,0.2462,0.5748,0,0,0,0,,
12.7498,0,0.1464,0.3013,0,0,0,0,,
36.4437,0,0.2949,0.5055,0,0,0,0,,
56.4352,0,1.7708,0.6812,0,0,0,0,,
,,,,,,,,,
